code_etab;secteur;cisco;commune;zap;fokontany;nom_etab;x;y;resultat_global;nb_ENF;nb_Ens_foncts;nb_PA_NonFonct;nb_PA_Fonct;nb_Bénevoles;effectif_total_Personnels;LAPEN;MAPEN;BAC;BTS;M1;M2;INGENIEUR;DEA;DOCTORAT;Inf_Bacc;Nom_prenoms_DIR;Contact_DIR;adresse_Etab;nb_classe_petite_section;nb_classe_moyenne_section;nb_classe_grande_section;nb_classe_12em;nb_classe_11em;nb_classe_10em;nb_classe_9em;nb_classe_8em;nb_classe_7em;nb_classe_6em;nb_classe_5em;nb_classe_4em;nb_classe_3em;nb_seconde;nb_Pr_A;nb_Pr_C;nb_Pr_D;nb_Pr_L;nb_Pr_OSE;nb_Pr_S;nb_Pr_tot;nb_T_A;nb_Pr_T_C;nb_T_D;nb_T_L;nb_T_S;nb_T_OSE;nb_T_tot;taux-bacc-A1;taux-bacc-A2;taux-bacc-C;taux-bacc-D;taux-bacc-L;taux-bacc-OSE;taux-bacc-S;Montant_caisse-ecole;rapport_utilisation_caisse_ecole
104020008;Publique;AMBATOLAMPY;AMBATOLAMPY;AMBATOLAMPY VILLE;AMBANIMASO I;LYCEE AMBATOLAMPY;47,44513;-19,3741;37,49%;2;28;3;7;0;40;???;???;???;???;???;???;???;???;???;???;???;034 68 048 50;???;???;???;???;???;???;???;???;???;???;???;???;???;???;???;???;???;???;???;???;???;???;???;???;???;???;???;???;???;26,97%;33,28%;25,00%;36,31%;44,17%;58,67%;44,83%;;
104020605;Privée;AMBATOLAMPY;AMBATOLAMPY;AMBATOLAMPY VILLE;ANKODONDONA I;LYCEE PRIVE LES INTELLOS;???;???;37,49%;10;0;0;0;0;10;???;???;???;???;???;???;???;???;???;???;???;034 11 333 09;???;???;???;???;???;???;???;???;???;???;???;???;???;???;???;???;???;???;???;???;???;???;???;???;???;???;???;???;???;26,97%;33,28%;25,00%;36,31%;44,17%;58,67%;44,83%;;
104020801;Publique;AMBATOLAMPY;AMBATOLAMPY;AMBATOLAMPY VILLE;BEMASOANDRO EST;LYCEE MAHAZINA;47,43843403;-19,40372063;37,49%;7;4;1;0;0;12;???;???;???;???;???;???;???;???;???;???;???;034 75 874 10;???;???;???;???;???;???;???;???;???;???;???;???;???;???;???;???;???;???;???;???;???;???;???;???;???;???;???;???;???;26,97%;33,28%;25,00%;36,31%;44,17%;58,67%;44,83%;;
104021003;Privée;AMBATOLAMPY;AMBATOLAMPY;AMBATOLAMPY VILLE;HAUTE VILLE;LYCEE PRIVE FJKM AMBATOLAMPY;47,4334634;-19,37989659;37,49%;12;3;0;0;0;15;???;???;???;???;???;???;???;???;???;???;???;???;???;???;???;???;???;???;???;???;???;???;???;???;???;???;???;???;???;???;???;???;???;???;???;???;???;???;???;???;???;26,97%;33,28%;25,00%;36,31%;44,17%;58,67%;44,83%;;
104021010;Privée;AMBATOLAMPY;AMBATOLAMPY;AMBATOLAMPY VILLE;ANDAFIATSIMO;LYCEE CATHOLIQUE JUVENAT SACRE-COEUR;47,42133964;-19,39138267;37,49%;10;0;0;0;0;10;???;???;???;???;???;???;???;???;???;???;???;???;???;???;???;???;???;???;???;???;???;???;???;???;???;???;???;???;???;???;???;???;???;???;???;???;???;???;???;???;???;26,97%;33,28%;25,00%;36,31%;44,17%;58,67%;44,83%;;
104021012;Privée;AMBATOLAMPY;AMBATOLAMPY;AMBATOLAMPY VILLE;HAUTE VILLE;LYCEE PRIVE JASCO;47,43161257;-19,3794611;37,49%;8;0;0;0;0;8;???;???;???;???;???;???;???;???;???;???;???;???;???;???;???;???;???;???;???;???;???;???;???;???;???;???;???;???;???;???;???;???;???;???;???;???;???;???;???;???;???;26,97%;33,28%;25,00%;36,31%;44,17%;58,67%;44,83%;;
104021016;Privée;AMBATOLAMPY;AMBATOLAMPY;AMBATOLAMPY VILLE;BEMASOANDRO EST;LYCEE PRIVE SANDRAVAL;47,43347166;-19,3903941;37,49%;4;0;0;0;0;4;???;???;???;???;???;???;???;???;???;???;???;???;???;???;???;???;???;???;???;???;???;???;???;???;???;???;???;???;???;???;???;???;???;???;???;???;???;???;???;???;???;26,97%;33,28%;25,00%;36,31%;44,17%;58,67%;44,83%;;
104021019;Privée;AMBATOLAMPY;AMBATOLAMPY;AMBATOLAMPY VILLE;BEMASOANDRO EST;LYCEE PRIVE ADVENTISTE BEMASOANDRO EST AMBATOLAMPY;47,431044;-19,3876595;37,49%;7;0;0;0;0;7;???;???;???;???;???;???;???;???;???;???;???;034 47 663 80;???;???;???;???;???;???;???;???;???;???;???;???;???;???;???;???;???;???;???;???;???;???;???;???;???;???;???;???;???;26,97%;33,28%;25,00%;36,31%;44,17%;58,67%;44,83%;;
104021033;Privée;AMBATOLAMPY;AMBATOLAMPY;AMBATOLAMPY VILLE;AMBANIMASO I;INSTITUTION MARTHE HERVEE;47,43870485;-19,38005601;37,49%;9;2;0;0;0;11;???;???;???;???;???;???;???;???;???;???;???;034 02 693 46;???;???;???;???;???;???;???;???;???;???;???;???;???;???;???;???;???;???;???;???;???;???;???;???;???;???;???;???;???;26,97%;33,28%;25,00%;36,31%;44,17%;58,67%;44,83%;;
104051003;Privée;AMBATOLAMPY;AMBOHIPIHAONANA;AMBOHIPIHAONANA;MANANJARASOA ANDAKANA;ECOLE PRIVEE CATHOLIQUE ANDAKANA;47,46132218;-19,50410746;37,49%;5;0;0;0;0;5;???;???;???;???;???;???;???;???;???;???;???;???;???;???;???;???;???;???;???;???;???;???;???;???;???;???;???;???;???;???;???;???;???;???;???;???;???;???;???;???;???;26,97%;33,28%;25,00%;36,31%;44,17%;58,67%;44,83%;;
104051013;Privée;AMBATOLAMPY;AMBOHIPIHAONANA;AMBOHIPIHAONANA;AMBOHIPIHAONANA;LYCEE PRIVE CATHOLIQUE CHRIST ROI;47,39738751;-19,3426649;37,49%;15;0;1;0;0;16;???;???;???;???;???;???;???;???;???;???;???;034 20 116 67;???;???;???;???;???;???;???;???;???;???;???;???;???;???;???;???;???;???;???;???;???;???;???;???;???;???;???;???;???;26,97%;33,28%;25,00%;36,31%;44,17%;58,67%;44,83%;;
104051014;Privée;AMBATOLAMPY;AMBOHIPIHAONANA;AMBOHIPIHAONANA;AMBOHIPIHAONANA;LYCEE PRIVE FLAMBEAU DU JOUR;47,39738751;-19,3426649;37,49%;5;0;0;0;0;5;???;???;???;???;???;???;???;???;???;???;???;???;???;???;???;???;???;???;???;???;???;???;???;???;???;???;???;???;???;???;???;???;???;???;???;???;???;???;???;???;???;26,97%;33,28%;25,00%;36,31%;44,17%;58,67%;44,83%;;
104060402;Publique;AMBATOLAMPY;ANDRANOVELONA;ANDRANOVELONA;ANDRANOVELONA;LYCEE COMMUNAUTAIRE ANDRANOVELONA;???;???;37,49%;2;2;0;0;0;4;???;???;???;???;???;???;???;???;???;???;???;???;???;???;???;???;???;???;???;???;???;???;???;???;???;???;???;???;???;???;???;???;???;???;???;???;???;???;???;???;???;26,97%;33,28%;25,00%;36,31%;44,17%;58,67%;44,83%;;
104061001;Privée;AMBATOLAMPY;ANDRANOVELONA;ANDRANOVELONA;ANTANETIBE OUEST;COLLEGE PRIVE SAINT JOSEPH ANTANETIBE;47,56363122;-19,65430422;37,49%;5;0;0;0;0;5;???;???;???;???;???;???;???;???;???;???;???;034 29 100 24;???;???;???;???;???;???;???;???;???;???;???;???;???;???;???;???;???;???;???;???;???;???;???;???;???;???;???;???;???;26,97%;33,28%;25,00%;36,31%;44,17%;58,67%;44,83%;;
104070007;Publique;AMBATOLAMPY;ANDRAVOLA VOHIPENO;ANDRAVOLA VOHIPENO;AMBINANIBE ANOSIARIVO;LYCEE COMMUNAUTAIRE ANDRAVOLA VOHIPENO;47,37848293;-19,40706133;37,49%;4;9;1;0;0;14;???;???;???;???;???;???;???;???;???;???;???;034 72 361 04;???;???;???;???;???;???;???;???;???;???;???;???;???;???;???;???;???;???;???;???;???;???;???;???;???;???;???;???;???;26,97%;33,28%;25,00%;36,31%;44,17%;58,67%;44,83%;;
104110015;Publique;AMBATOLAMPY;ANTSAMPANDRANO;ANTSAMPANDRANO;ANTSAMPANDRANO;LYCEE ANTSAMPANDRANO;47,58692187;-19,54035271;37,49%;2;14;1;1;0;18;???;???;???;???;???;???;???;???;???;???;???;034 60 984 09;???;???;???;???;???;???;???;???;???;???;???;???;???;???;???;???;???;???;???;???;???;???;???;???;???;???;???;???;???;26,97%;33,28%;25,00%;36,31%;44,17%;58,67%;44,83%;;
104120022;Publique;AMBATOLAMPY;BEHENJY;BEHENJY;TSARAFARA;LYCEE BEHENJY;47,47945608;-19,21687242;37,49%;4;17;0;2;0;23;???;???;???;???;???;???;???;???;???;???;???;034 80 433 70;???;???;???;???;???;???;???;???;???;???;???;???;???;???;???;???;???;???;???;???;???;???;???;???;???;???;???;???;???;26,97%;33,28%;25,00%;36,31%;44,17%;58,67%;44,83%;;
104121002;Privée;AMBATOLAMPY;BEHENJY;BEHENJY;BEHENJY CENTRE;LYCEE PRIVE CATHOLIQUE SACRE-COEUR DE JESUS BEHENJY;47,48540216;-19,20917988;37,49%;6;0;0;0;0;6;???;???;???;???;???;???;???;???;???;???;???;???;???;???;???;???;???;???;???;???;???;???;???;???;???;???;???;???;???;???;???;???;???;???;???;???;???;???;???;???;???;26,97%;33,28%;25,00%;36,31%;44,17%;58,67%;44,83%;;
104121006;Privée;AMBATOLAMPY;BEHENJY;BEHENJY;TSARAFARA;LYCEE PRIVE FANOVOZANTSOA;47,48379762;-19,21545614;37,49%;5;0;0;0;0;5;???;???;???;???;???;???;???;???;???;???;???;???;???;???;???;???;???;???;???;???;???;???;???;???;???;???;???;???;???;???;???;???;???;???;???;???;???;???;???;???;???;26,97%;33,28%;25,00%;36,31%;44,17%;58,67%;44,83%;;
104130602;Publique;AMBATOLAMPY;BELAMBO FIRAISANA;BELAMBO FIRAISANA;BELAMBO ANDAPA;LYCEE BELAMBO;47,5209701;-19,40473324;37,49%;10;1;0;0;0;11;???;???;???;???;???;???;???;???;???;???;???;???;???;???;???;???;???;???;???;???;???;???;???;???;???;???;???;???;???;???;???;???;???;???;???;???;???;???;???;???;???;26,97%;33,28%;25,00%;36,31%;44,17%;58,67%;44,83%;;
104150012;Publique;AMBATOLAMPY;MORARANO;MORARANO;MORARANO;LYCEE COMMUNAUTAIRE MORARANO;47,48963608;-19,42566907;37,49%;10;5;1;0;0;16;???;???;???;???;???;???;???;???;???;???;???;034 27 533 42;???;???;???;???;???;???;???;???;???;???;???;???;???;???;???;???;???;???;???;???;???;???;???;???;???;???;???;???;???;26,97%;33,28%;25,00%;36,31%;44,17%;58,67%;44,83%;;
104181401;Publique;AMBATOLAMPY;TSINJOARIVO;TSINJOARIVO;TSINJOARIVO;LYCEE COMMUNAUTAIRE TSINJOARIVO;???;???;37,49%;2;2;0;0;0;4;???;???;???;???;???;???;???;???;???;???;???;???;???;???;???;???;???;???;???;???;???;???;???;???;???;???;???;???;???;???;???;???;???;???;???;???;???;???;???;???;???;26,97%;33,28%;25,00%;36,31%;44,17%;58,67%;44,83%;;
104190014;Publique;AMBATOLAMPY;ANTANAMALAZA;ANTANAMALAZA;ANTANAMALAZA;LYCEE COMMUNAUTAIRE ANTANAMALAZA;47,63342713;-19,43578302;37,49%;3;14;0;0;0;17;???;???;???;???;???;???;???;???;???;???;???;034  21 117 99 ;???;???;???;???;???;???;???;???;???;???;???;???;???;???;???;???;???;???;???;???;???;???;???;???;???;???;???;???;???;26,97%;33,28%;25,00%;36,31%;44,17%;58,67%;44,83%;;
104191015;Privée;AMBATOLAMPY;ANTANAMALAZA;ANTANAMALAZA;ANTANAMALAZA;SEKOLY FITSIMBINANA;47,62710426;-19,42653697;37,49%;9;0;0;0;0;9;???;???;???;???;???;???;???;???;???;???;???;???;???;???;???;???;???;???;???;???;???;???;???;???;???;???;???;???;???;???;???;???;???;???;???;???;???;???;???;???;???;26,97%;33,28%;25,00%;36,31%;44,17%;58,67%;44,83%;;
109031015;Privée;ANTANIFOTSY;AMBATOTSIPIHINA;AMBATOTSIPIHINA II;AMBATOBE BAS;LYCEE PRIVE FANANTENANA AMBATOBE BAS;47,34706888;-19,48084799;48,82%;8;0;0;0;0;8;???;???;???;???;???;???;???;???;???;???;???;???;???;???;???;???;???;???;???;???;???;???;???;???;???;???;???;???;???;???;???;???;???;???;???;???;???;???;???;???;???;73,17%;44,93%;0,00%;45,83%;71,20%;58,59%;31,51%;;
109040012;Publique;ANTANIFOTSY;AMBODIARINA;AMBODIRIANA;AMBODIRIANA;LYCEE AMBODIRIANA;47,5260307;-19,59455339;48,82%;17;17;3;2;2;41;???;???;???;???;???;???;???;???;???;???;???;034 90 745 92;???;???;???;???;???;???;???;???;???;???;???;???;???;???;???;???;???;???;???;???;???;???;???;???;???;???;???;???;???;73,17%;44,93%;0,00%;45,83%;71,20%;58,59%;31,51%;;
109041002;Privée;ANTANIFOTSY;AMBODIARINA;AMBODIRIANA;ANTSIRIRIBE;LYCEE PRIVE CATHOLIQUE SAINT STANISLAS KOSTKA ANTSIRIRIBE;47,48512966;-19,59190669;48,82%;10;0;0;0;0;10;???;???;???;???;???;???;???;???;???;???;???;???;???;???;???;???;???;???;???;???;???;???;???;???;???;???;???;???;???;???;???;???;???;???;???;???;???;???;???;???;???;73,17%;44,93%;0,00%;45,83%;71,20%;58,59%;31,51%;;
109050023;Publique;ANTANIFOTSY;AMBOHIMANDROSO;AMBOHIMANDROSO I;AMBOHIMANDROSO GARA B;LYCEE AMBOHIMANDROSO;47,41502315;-19,52805851;48,82%;3;21;0;4;0;28;???;???;???;???;???;???;???;???;???;???;???;033 14 185 66;???;???;???;???;???;???;???;???;???;???;???;???;???;???;???;???;???;???;???;???;???;???;???;???;???;???;???;???;???;73,17%;44,93%;0,00%;45,83%;71,20%;58,59%;31,51%;;
109051013;Privée;ANTANIFOTSY;AMBOHIMANDROSO;AMBOHIMANDROSO I;AMBOHIMANDROSO GARA B;LYCEE PRIVE LUTHERIEN AMBOHIMANDROSO;47,4311592;-19,5239524;48,82%;7;0;0;0;0;7;???;???;???;???;???;???;???;???;???;???;???;???;???;???;???;???;???;???;???;???;???;???;???;???;???;???;???;???;???;???;???;???;???;???;???;???;???;???;???;???;???;73,17%;44,93%;0,00%;45,83%;71,20%;58,59%;31,51%;;
109051014;Privée;ANTANIFOTSY;AMBOHIMANDROSO;AMBOHIMANDROSO I;AMBOHIMANDROSO GARA B;LYCEE PRIVE CATHOLIQUE SAINT CLAUDE AMBOHIMANDROSO;47,42966657;-19,52343269;48,82%;10;0;0;0;0;10;???;???;???;???;???;???;???;???;???;???;???;???;???;???;???;???;???;???;???;???;???;???;???;???;???;???;???;???;???;???;???;???;???;???;???;???;???;???;???;???;???;73,17%;44,93%;0,00%;45,83%;71,20%;58,59%;31,51%;;
109051015;Privée;ANTANIFOTSY;AMBOHIMANDROSO;AMBOHIMANDROSO I;AMBOHIMANDROSO EST;INSTITUTION LA REUSSITE LES LILIACEES;47,43169635;-19,52211996;48,82%;15;0;0;0;0;15;???;???;???;???;???;???;???;???;???;???;???;???;???;???;???;???;???;???;???;???;???;???;???;???;???;???;???;???;???;???;???;???;???;???;???;???;???;???;???;???;???;73,17%;44,93%;0,00%;45,83%;71,20%;58,59%;31,51%;;
109051018;Privée;ANTANIFOTSY;AMBOHIMANDROSO;AMBOHIMANDROSO I;AMBOHIMANDROSO GARA B;LYCEE PRIVE VICTORIA LOVA TSARA INDRINDRA;47,42695703;-19,53180611;48,82%;7;0;0;0;0;7;???;???;???;???;???;???;???;???;???;???;???;???;???;???;???;???;???;???;???;???;???;???;???;???;???;???;???;???;???;???;???;???;???;???;???;???;???;???;???;???;???;73,17%;44,93%;0,00%;45,83%;71,20%;58,59%;31,51%;;
109051020;Privée;ANTANIFOTSY;AMBOHIMANDROSO;AMBOHIMANDROSO I;AMBOHIMANDROSO GARA B;LYCEE PRIVE SAINA AMBOHIMANDROSO;47,42993753;-19,52049808;48,82%;13;0;0;0;0;13;???;???;???;???;???;???;???;???;???;???;???;???;???;???;???;???;???;???;???;???;???;???;???;???;???;???;???;???;???;???;???;???;???;???;???;???;???;???;???;???;???;73,17%;44,93%;0,00%;45,83%;71,20%;58,59%;31,51%;;
109060039;Publique;ANTANIFOTSY;AMBOHITOMPOINA;AMBOHITOMPOINA I;AMBOHITOMPOINA;LYCEE AMBOHITOMPOINA;47,57792897;-19,76169016;48,82%;2;12;1;2;0;17;???;???;???;???;???;???;???;???;???;???;???;033 83 660 53;???;???;???;???;???;???;???;???;???;???;???;???;???;???;???;???;???;???;???;???;???;???;???;???;???;???;???;???;???;73,17%;44,93%;0,00%;45,83%;71,20%;58,59%;31,51%;;
109061007;Privée;ANTANIFOTSY;AMBOHITOMPOINA;AMBOHITOMPOINA I;AMBOHITOMPOINA;LYCEE PRIVE SACRE-COEUR AMBOHITOMPOINA;47,56900649;-19,75569538;48,82%;8;0;0;0;0;8;???;???;???;???;???;???;???;???;???;???;???;???;???;???;???;???;???;???;???;???;???;???;???;???;???;???;???;???;???;???;???;???;???;???;???;???;???;???;???;???;???;73,17%;44,93%;0,00%;45,83%;71,20%;58,59%;31,51%;;
109061020;Privée;ANTANIFOTSY;AMBOHITOMPOINA;AMBOHITOMPOINA I;AMBOHITOMPOINA;LYCEE PRIVE LUTHERIEN AMBOHITOMPOINA VILLE;47,5682174;-19,7577399;48,82%;1;0;0;0;0;1;???;???;???;???;???;???;???;???;???;???;???;???;???;???;???;???;???;???;???;???;???;???;???;???;???;???;???;???;???;???;???;???;???;???;???;???;???;???;???;???;???;73,17%;44,93%;0,00%;45,83%;71,20%;58,59%;31,51%;;
109071014;Privée;ANTANIFOTSY;AMPITATAFIKA;AMPITATAFIKA I;AMBOHIMANDROSO SUD;LYCEE PRIVE CATHOLIQUE SAINT JEAN BAPTISTE AMBOHIMANDROSO SUD;47,40755;-19,56045;48,82%;3;0;0;0;0;3;???;???;???;???;???;???;???;???;???;???;???;???;???;???;???;???;???;???;???;???;???;???;???;???;???;???;???;???;???;???;???;???;???;???;???;???;???;???;???;???;???;73,17%;44,93%;0,00%;45,83%;71,20%;58,59%;31,51%;;
109071024;Privée;ANTANIFOTSY;AMPITATAFIKA;AMPITATAFIKA I;MASOANDRO;LYCEE PRIVE LOVA;47,38676659;-19,57045292;48,82%;9;0;0;0;0;9;???;???;???;???;???;???;???;???;???;???;???;???;???;???;???;???;???;???;???;???;???;???;???;???;???;???;???;???;???;???;???;???;???;???;???;???;???;???;???;???;???;73,17%;44,93%;0,00%;45,83%;71,20%;58,59%;31,51%;;
109090065;Publique;ANTANIFOTSY;ANTANIFOTSY;ANTANIFOTSY I;ANTSAHAMAINA;LYCEE ANTANIFOTSY;47,31461167;-19,64364328;48,82%;4;29;0;8;0;41;???;???;???;???;???;???;???;???;???;???;???;034 67 826 33;???;???;???;???;???;???;???;???;???;???;???;???;???;???;???;???;???;???;???;???;???;???;???;???;???;???;???;???;???;73,17%;44,93%;0,00%;45,83%;71,20%;58,59%;31,51%;;
109091013;Privée;ANTANIFOTSY;ANTANIFOTSY;ANTANIFOTSY I;ANTANIFOTSY;KOLEJY LOTERANA ANTANIFOTSY;47,32138092;-19,6677556;48,82%;15;0;0;0;0;15;???;???;???;???;???;???;???;???;???;???;???;???;???;???;???;???;???;???;???;???;???;???;???;???;???;???;???;???;???;???;???;???;???;???;???;???;???;???;???;???;???;73,17%;44,93%;0,00%;45,83%;71,20%;58,59%;31,51%;;
109091015;Privée;ANTANIFOTSY;ANTANIFOTSY;ANTANIFOTSY I;ANTANIFOTSY;LYCEE PRIVE LUTHERIEN RENOVE ANTANIFOTSY;47,31855207;-19,66417046;48,82%;14;0;0;0;0;14;???;???;???;???;???;???;???;???;???;???;???;???;???;???;???;???;???;???;???;???;???;???;???;???;???;???;???;???;???;???;???;???;???;???;???;???;???;???;???;???;???;73,17%;44,93%;0,00%;45,83%;71,20%;58,59%;31,51%;;
109091030;Privée;ANTANIFOTSY;ANTANIFOTSY;ANTANIFOTSY I;ANTANIFOTSY;LYCEE CATHOLIQUE SAINTE THERESE ANTANIFOTSY;47,32507399;-19,65959555;48,82%;12;0;0;0;0;12;???;???;???;???;???;???;???;???;???;???;???;???;???;???;???;???;???;???;???;???;???;???;???;???;???;???;???;???;???;???;???;???;???;???;???;???;???;???;???;???;???;73,17%;44,93%;0,00%;45,83%;71,20%;58,59%;31,51%;;
109093101;Privée;ANTANIFOTSY;ANTANIFOTSY;ANTANIFOTSY I;ANTSAHAMAINA;COLLEGE PRIVE ERNASIA;47,31461167;-19,64364328;48,82%;14;0;0;0;0;14;???;???;???;???;???;???;???;???;???;???;???;???;???;???;???;???;???;???;???;???;???;???;???;???;???;???;???;???;???;???;???;???;???;???;???;???;???;???;???;???;???;73,17%;44,93%;0,00%;45,83%;71,20%;58,59%;31,51%;;
109094801;Privée;ANTANIFOTSY;ANTANIFOTSY;ANTANIFOTSY I;TSARAFARA;LYCEE PRIVE TSIRY;47,35020475;-19,59411266;48,82%;7;0;1;0;0;8;???;???;???;???;???;???;???;???;???;???;???;???;???;???;???;???;???;???;???;???;???;???;???;???;???;???;???;???;???;???;???;???;???;???;???;???;???;???;???;???;???;73,17%;44,93%;0,00%;45,83%;71,20%;58,59%;31,51%;;
109110047;Publique;ANTANIFOTSY;ANTSAMPANDRANO;ANTSAMPANDRANO I;ANTSAMPANDRANO;LYCEE ANTSAMPANDRANO;47,57113863;-19,9520585;48,82%;4;7;0;1;0;12;???;???;???;???;???;???;???;???;???;???;???;038 22 041 41;???;???;???;???;???;???;???;???;???;???;???;???;???;???;???;???;???;???;???;???;???;???;???;???;???;???;???;???;???;73,17%;44,93%;0,00%;45,83%;71,20%;58,59%;31,51%;;
110010054;Publique;ANTSIRABE I;CU ANTSIRABE;MAHAZOARIVO AVARABOHITRA;MAHAZOARIVO NORD;LYCEE ANDRE RESAMPA ANTSIRABE;47,03174998;-19,84975614;43,84%;14;108;25;9;0;156;???;???;???;???;???;???;???;???;???;???;???;???;???;???;???;???;???;???;???;???;???;???;???;???;???;???;???;???;???;???;???;???;???;???;???;???;???;???;???;???;???;52,88%;44,42%;72,55%;42,21%;49,13%;35,78%;31,44%;;
110010055;Publique;ANTSIRABE I;CU ANTSIRABE;ANTSIRABE AFOVOANY ATSINANANA AMBOHIMANARIVO;ANTANETY;LYCEE MANDANIRESAKA;47,04980073;-19,915284;43,84%;0;49;1;8;1;59;???;???;???;???;???;???;???;???;???;???;???;034 90 950 90;???;???;???;???;???;???;???;???;???;???;???;???;???;???;???;???;???;???;???;???;???;???;???;???;???;???;???;???;???;52,88%;44,42%;72,55%;42,21%;49,13%;35,78%;31,44%;;
110010071;Privée;ANTSIRABE I;CU ANTSIRABE;SOAMALAZA MAHATSINJO;TOMBOARIVO;LYCEE ARCADE TOMBOARIVO;47,04323069;-19,87495629;43,84%;17;0;0;0;0;17;???;???;???;???;???;???;???;???;???;???;???;???;???;???;???;???;???;???;???;???;???;???;???;???;???;???;???;???;???;???;???;???;???;???;???;???;???;???;???;???;???;52,88%;44,42%;72,55%;42,21%;49,13%;35,78%;31,44%;;
110011003;Privée;ANTSIRABE I;CU ANTSIRABE;ANTSIRABE AFOVOANY ATSINANANA AMBOHIMANARIVO;ANTSIRABE AFOVOANY ATSINANANA;LYCEE PRIVE GALLO JUNIOR;47,03719331;-19,87380108;43,84%;21;0;0;0;0;21;???;???;???;???;???;???;???;???;???;???;???;034 46 262 29;???;???;???;???;???;???;???;???;???;???;???;???;???;???;???;???;???;???;???;???;???;???;???;???;???;???;???;???;???;52,88%;44,42%;72,55%;42,21%;49,13%;35,78%;31,44%;;
110011004;Privée;ANTSIRABE I;CU ANTSIRABE;ANTSIRABE AFOVOANY ATSINANANA AMBOHIMANARIVO;AMBOHIMENA SUD;LYCEE PRIVE GLORIA;47,04349524;-19,88939127;43,84%;6;0;0;0;0;6;???;???;???;???;???;???;???;???;???;???;???;033 81 941 24 / 032 02 261 59;???;???;???;???;???;???;???;???;???;???;???;???;???;???;???;???;???;???;???;???;???;???;???;???;???;???;???;???;???;52,88%;44,42%;72,55%;42,21%;49,13%;35,78%;31,44%;;
110011013;Privée;ANTSIRABE I;CU ANTSIRABE;MANODIDINA NY GARA AMBILOMBE;ANTSIRABE AVARATRA;LYCEE PRIVE LES POUSSINS;47,03765085;-19,85921361;43,84%;12;0;0;0;0;12;???;???;???;???;???;???;???;???;???;???;???;033 91 209 73;???;???;???;???;???;???;???;???;???;???;???;???;???;???;???;???;???;???;???;???;???;???;???;???;???;???;???;???;???;52,88%;44,42%;72,55%;42,21%;49,13%;35,78%;31,44%;;
110011016;Privée;ANTSIRABE I;CU ANTSIRABE;MAHAZOARIVO AVARABOHITRA;MAHAZOARIVO SUD;LYCEE PRIVE SAINTE THERESE;47,02785048;-19,85830434;43,84%;24;0;1;0;0;25;???;???;???;???;???;???;???;???;???;???;???;034 06 017 89 / 034 03 686 05;???;???;???;???;???;???;???;???;???;???;???;???;???;???;???;???;???;???;???;???;???;???;???;???;???;???;???;???;???;52,88%;44,42%;72,55%;42,21%;49,13%;35,78%;31,44%;;
110011017;Privée;ANTSIRABE I;CU ANTSIRABE;MAHAZOARIVO AVARABOHITRA;AMBOHIJAFY NORD;LYCEE PRIVE CATHOLIQUE SAINT JOSEPH ECAR AMBOHIJAFY;46,97746897;-19,84361783;43,84%;13;0;0;0;0;13;???;???;???;???;???;???;???;???;???;???;???;038 24 994 13;???;???;???;???;???;???;???;???;???;???;???;???;???;???;???;???;???;???;???;???;???;???;???;???;???;???;???;???;???;52,88%;44,42%;72,55%;42,21%;49,13%;35,78%;31,44%;;
110011034;Privée;ANTSIRABE I;CU ANTSIRABE;ANTSIRABE AFOVOANY ATSINANANA AMBOHIMANARIVO;VEREZAMBOLA;ECOLE PRIVEE LA MERVEILLE;47,03962832;-19,9075543;43,84%;5;0;0;0;0;5;???;???;???;???;???;???;???;???;???;???;???;???;???;???;???;???;???;???;???;???;???;???;???;???;???;???;???;???;???;???;???;???;???;???;???;???;???;???;???;???;???;52,88%;44,42%;72,55%;42,21%;49,13%;35,78%;31,44%;;
110011052;Privée;ANTSIRABE I;CU ANTSIRABE;ANTSIRABE AFOVOANY ATSINANANA AMBOHIMANARIVO;AMBOHIMENA NORD;ECOLE PRIVEE MODERN SCHOOL;47,03932969;-19,88625945;43,84%;12;0;0;0;0;12;???;???;???;???;???;???;???;???;???;???;???;???;???;???;???;???;???;???;???;???;???;???;???;???;???;???;???;???;???;???;???;???;???;???;???;???;???;???;???;???;???;52,88%;44,42%;72,55%;42,21%;49,13%;35,78%;31,44%;;
110011058;Privée;ANTSIRABE I;CU ANTSIRABE;MANODIDINA NY GARA AMBILOMBE;MAHAFALY;INSTITUTION MARTHE HERVEE ANNEXE;47,047605;-19,8360686;43,84%;13;0;1;0;0;14;???;???;???;???;???;???;???;???;???;???;???;???;???;???;???;???;???;???;???;???;???;???;???;???;???;???;???;???;???;???;???;???;???;???;???;???;???;???;???;???;???;52,88%;44,42%;72,55%;42,21%;49,13%;35,78%;31,44%;;
110011064;Privée;ANTSIRABE I;CU ANTSIRABE;ANTSENAKELY ANDRAIKIBA;IVORY;LYCEE PRIVE LUTHERIEN MANGARIVOTRA;47,018043;-19,86950663;43,84%;14;0;0;0;0;14;???;???;???;???;???;???;???;???;???;???;???;034 96 434 22;???;???;???;???;???;???;???;???;???;???;???;???;???;???;???;???;???;???;???;???;???;???;???;???;???;???;???;???;???;52,88%;44,42%;72,55%;42,21%;49,13%;35,78%;31,44%;;
110011065;Privée;ANTSIRABE I;CU ANTSIRABE;ANTSIRABE AFOVOANY ATSINANANA AMBOHIMANARIVO;VEREZAMBOLA;LYCEE PRIVE NOTRE DAME DE L'ANNONCIATION;47,04060845;-19,89863359;43,84%;11;0;0;0;0;11;???;???;???;???;???;???;???;???;???;???;???;034 03 711 49;???;???;???;???;???;???;???;???;???;???;???;???;???;???;???;???;???;???;???;???;???;???;???;???;???;???;???;???;???;52,88%;44,42%;72,55%;42,21%;49,13%;35,78%;31,44%;;
110011066;Privée;ANTSIRABE I;CU ANTSIRABE;MAHAZOARIVO AVARABOHITRA;VOHIJANAHARY;LYCEE CATHOLIQUE NOTRE DAME DE LA SALETTE ANTSAHASOA;47,0207759;-19,8478288;43,84%;15;0;0;0;0;15;???;???;???;???;???;???;???;???;???;???;???;???;???;???;???;???;???;???;???;???;???;???;???;???;???;???;???;???;???;???;???;???;???;???;???;???;???;???;???;???;???;52,88%;44,42%;72,55%;42,21%;49,13%;35,78%;31,44%;;
110011067;Privée;ANTSIRABE I;CU ANTSIRABE;ANTSIRABE AFOVOANY ATSINANANA AMBOHIMANARIVO;ANTSIRABE AFOVOANY ATSINANANA;LYCEE PRIVE SAINT JOSEPH ANTSIRABE;47,03553934;-19,87518704;43,84%;18;0;0;0;0;18;???;???;???;???;???;???;???;???;???;???;???;034 06 325 27;???;???;???;???;???;???;???;???;???;???;???;???;???;???;???;???;???;???;???;???;???;???;???;???;???;???;???;???;???;52,88%;44,42%;72,55%;42,21%;49,13%;35,78%;31,44%;;
110011072;Privée;ANTSIRABE I;CU ANTSIRABE;ANTSENAKELY ANDRAIKIBA;ANDRAIKIBA;LYCEE PRIVE SAINT JEAN ANDRAIKIBA;46,9740639;-19,86701414;43,84%;10;0;1;0;0;11;???;???;???;???;???;???;???;???;???;???;???;034 06 325 27;???;???;???;???;???;???;???;???;???;???;???;???;???;???;???;???;???;???;???;???;???;???;???;???;???;???;???;???;???;52,88%;44,42%;72,55%;42,21%;49,13%;35,78%;31,44%;;
110011073;Privée;ANTSIRABE I;CU ANTSIRABE;ANTSENAKELY ANDRAIKIBA;ANDRAIKIBA;ECOLE PRIVEE LES PIGEONS;46,97622329;-19,86486701;43,84%;11;0;0;0;0;11;???;???;???;???;???;???;???;???;???;???;???;???;???;???;???;???;???;???;???;???;???;???;???;???;???;???;???;???;???;???;???;???;???;???;???;???;???;???;???;???;???;52,88%;44,42%;72,55%;42,21%;49,13%;35,78%;31,44%;;
110011075;Privée;ANTSIRABE I;CU ANTSIRABE;ANTSENAKELY ANDRAIKIBA;ANTANAMBAO EST IVOHITRA;COLLEGE NOTRE DAME DU BON REMEDE;47,02019999;-19,88170969;43,84%;8;0;0;0;0;8;???;???;???;???;???;???;???;???;???;???;???;???;???;???;???;???;???;???;???;???;???;???;???;???;???;???;???;???;???;???;???;???;???;???;???;???;???;???;???;???;???;52,88%;44,42%;72,55%;42,21%;49,13%;35,78%;31,44%;;
110011079;Privée;ANTSIRABE I;CU ANTSIRABE;ANTSENAKELY ANDRAIKIBA;ATSIMOTSENA;LYCEE PRIVE FJKM FILADELFIA;47,02856334;-19,8683202;43,84%;25;0;2;0;0;27;???;???;???;???;???;???;???;???;???;???;???;034 48 961 82;???;???;???;???;???;???;???;???;???;???;???;???;???;???;???;???;???;???;???;???;???;???;???;???;???;???;???;???;???;52,88%;44,42%;72,55%;42,21%;49,13%;35,78%;31,44%;;
110011081;Privée;ANTSIRABE I;CU ANTSIRABE;ANTSENAKELY ANDRAIKIBA;AMBORONOMBY;LYCEE PRIVE LA SYMPHONIE;47,02089869;-19,87856697;43,84%;15;0;0;0;0;15;???;???;???;???;???;???;???;???;???;???;???;033 14 514 67;???;???;???;???;???;???;???;???;???;???;???;???;???;???;???;???;???;???;???;???;???;???;???;???;???;???;???;???;???;52,88%;44,42%;72,55%;42,21%;49,13%;35,78%;31,44%;;
110011082;Privée;ANTSIRABE I;CU ANTSIRABE;ANTSENAKELY ANDRAIKIBA;AMBORONOMBY;LYCEE PRIVE LES BAMBINS;47,02182596;-19,87566484;43,84%;11;0;0;0;0;11;???;???;???;???;???;???;???;???;???;???;???;033 76 746 96;???;???;???;???;???;???;???;???;???;???;???;???;???;???;???;???;???;???;???;???;???;???;???;???;???;???;???;???;???;52,88%;44,42%;72,55%;42,21%;49,13%;35,78%;31,44%;;
110011086;Privée;ANTSIRABE I;CU ANTSIRABE;ANTSENAKELY ANDRAIKIBA;AVARATSENA;LYCEE PRIVE LE PILIER;47,0324975;-19,86983329;43,84%;16;0;0;0;0;16;???;???;???;???;???;???;???;???;???;???;???;034 1 0 609 72;???;???;???;???;???;???;???;???;???;???;???;???;???;???;???;???;???;???;???;???;???;???;???;???;???;???;???;???;???;52,88%;44,42%;72,55%;42,21%;49,13%;35,78%;31,44%;;
110011091;Privée;ANTSIRABE I;CU ANTSIRABE;ANTSENAKELY ANDRAIKIBA;ANTSENAKELY;SEKOLY LOTERANA FARIMBONA;47,03383471;-19,87084846;43,84%;16;0;0;0;0;16;???;???;???;???;???;???;???;???;???;???;???;???;???;???;???;???;???;???;???;???;???;???;???;???;???;???;???;???;???;???;???;???;???;???;???;???;???;???;???;???;???;52,88%;44,42%;72,55%;42,21%;49,13%;35,78%;31,44%;;
110011099;Privée;ANTSIRABE I;CU ANTSIRABE;SOAMALAZA MAHATSINJO;SOAMALAZA;LYCEE PRIVE LES MARMAILLES;47,03732712;-19,86749237;43,84%;11;0;38;0;0;49;???;???;???;???;???;???;???;???;???;???;???;034 29 915 14;???;???;???;???;???;???;???;???;???;???;???;???;???;???;???;???;???;???;???;???;???;???;???;???;???;???;???;???;???;52,88%;44,42%;72,55%;42,21%;49,13%;35,78%;31,44%;;
110011102;Privée;ANTSIRABE I;CU ANTSIRABE;SOAMALAZA MAHATSINJO;AMBALAVATO 401;ECOLE PRIVEE LES GALOPINS;47,04488852;-19,87502231;43,84%;14;0;0;0;0;14;???;???;???;???;???;???;???;???;???;???;???;???;???;???;???;???;???;???;???;???;???;???;???;???;???;???;???;???;???;???;???;???;???;???;???;???;???;???;???;???;???;52,88%;44,42%;72,55%;42,21%;49,13%;35,78%;31,44%;;
110011111;Privée;ANTSIRABE I;CU ANTSIRABE;SOAMALAZA MAHATSINJO;ANDROVAKELY;SEKOLY LOTERANA ANDROVAKELY;47,05907117;-19,89029237;43,84%;8;0;0;0;0;8;???;???;???;???;???;???;???;???;???;???;???;???;???;???;???;???;???;???;???;???;???;???;???;???;???;???;???;???;???;???;???;???;???;???;???;???;???;???;???;???;???;52,88%;44,42%;72,55%;42,21%;49,13%;35,78%;31,44%;;
110011127;Privée;ANTSIRABE I;CU ANTSIRABE;MAHAZOARIVO AVARABOHITRA;MAHAZOARIVO NORD;LYCEE ADVENTISTE MAHAZOARIVO;47,02960521;-19,85511042;43,84%;11;0;0;0;0;11;???;???;???;???;???;???;???;???;???;???;???;???;???;???;???;???;???;???;???;???;???;???;???;???;???;???;???;???;???;???;???;???;???;???;???;???;???;???;???;???;???;52,88%;44,42%;72,55%;42,21%;49,13%;35,78%;31,44%;;
110011129;Privée;ANTSIRABE I;CU ANTSIRABE;MAHAZOARIVO AVARABOHITRA;ANTSONGO;LYCEE PRIVE LA BERGERIE;47,02667767;-19,84476744;43,84%;8;0;0;0;0;8;???;???;???;???;???;???;???;???;???;???;???;033 41 293 88;???;???;???;???;???;???;???;???;???;???;???;???;???;???;???;???;???;???;???;???;???;???;???;???;???;???;???;???;???;52,88%;44,42%;72,55%;42,21%;49,13%;35,78%;31,44%;;
110011138;Privée;ANTSIRABE I;CU ANTSIRABE;MAHAZOARIVO AVARABOHITRA;MAHAZOARIVO NORD;LYCEE PRIVE MON HERITAGE;47,02626549;-19,85612153;43,84%;17;0;0;0;0;17;???;???;???;???;???;???;???;???;???;???;???;034 89 533 67;???;???;???;???;???;???;???;???;???;???;???;???;???;???;???;???;???;???;???;???;???;???;???;???;???;???;???;???;???;52,88%;44,42%;72,55%;42,21%;49,13%;35,78%;31,44%;;
110011139;Privée;ANTSIRABE I;CU ANTSIRABE;AMPATANA MANDRIANKENIHENY;BEFARITRA;LYCEE PRIVE CATHOLIQUE SAINTE TRINITE ANDRAIMASINA;47,00097203;-19,92754603;43,84%;10;0;0;0;0;10;???;???;???;???;???;???;???;???;???;???;???;034 20 192 32;???;???;???;???;???;???;???;???;???;???;???;???;???;???;???;???;???;???;???;???;???;???;???;???;???;???;???;???;???;52,88%;44,42%;72,55%;42,21%;49,13%;35,78%;31,44%;;
110011152;Privée;ANTSIRABE I;CU ANTSIRABE;MAHAZOARIVO AVARABOHITRA;MIARAMASOANDRO;LYCEE PRIVE ELIMA;47,03899242;-19,83597891;43,84%;5;0;0;0;0;5;???;???;???;???;???;???;???;???;???;???;???;034 91 797 08;???;???;???;???;???;???;???;???;???;???;???;???;???;???;???;???;???;???;???;???;???;???;???;???;???;???;???;???;???;52,88%;44,42%;72,55%;42,21%;49,13%;35,78%;31,44%;;
110011154;Privée;ANTSIRABE I;CU ANTSIRABE;MAHAZOARIVO AVARABOHITRA;MAHAZOARIVO SUD;LYCEE PRIVE LES CYPRES;47,03254662;-19,86194306;43,84%;12;0;0;0;0;12;???;???;???;???;???;???;???;???;???;???;???;034 80 859 27;???;???;???;???;???;???;???;???;???;???;???;???;???;???;???;???;???;???;???;???;???;???;???;???;???;???;???;???;???;52,88%;44,42%;72,55%;42,21%;49,13%;35,78%;31,44%;;
110011167;Privée;ANTSIRABE I;CU ANTSIRABE;ANTSIRABE AFOVOANY ATSINANANA AMBOHIMANARIVO;AMBOHIMENA SUD;LYCEE PRIVE LA CONFIANCE;47,04084583;-19,89480496;43,84%;7;0;0;0;0;7;???;???;???;???;???;???;???;???;???;???;???;???;???;???;???;???;???;???;???;???;???;???;???;???;???;???;???;???;???;???;???;???;???;???;???;???;???;???;???;???;???;52,88%;44,42%;72,55%;42,21%;49,13%;35,78%;31,44%;;
110011170;Privée;ANTSIRABE I;CU ANTSIRABE;ANTSIRABE AFOVOANY ATSINANANA AMBOHIMANARIVO;ANTSIRABE AFOVOANY ATSINANANA;LYCEE PRIVE SAINT MARTIN FIFAMPIZARANA;47,03835722;-19,8750339;43,84%;13;0;0;0;0;13;???;???;???;???;???;???;???;???;???;???;???;034 80 442 78;???;???;???;???;???;???;???;???;???;???;???;???;???;???;???;???;???;???;???;???;???;???;???;???;???;???;???;???;???;52,88%;44,42%;72,55%;42,21%;49,13%;35,78%;31,44%;;
110011173;Privée;ANTSIRABE I;CU ANTSIRABE;ANTSIRABE AFOVOANY ATSINANANA AMBOHIMANARIVO;AMBOHIMENA SUD;COLLEGE PRIVE CATHOLIQUE SAINTE JACINTA MARTO;47,04622123;-19,89308973;43,84%;8;0;0;0;0;8;???;???;???;???;???;???;???;???;???;???;???;???;???;???;???;???;???;???;???;???;???;???;???;???;???;???;???;???;???;???;???;???;???;???;???;???;???;???;???;???;???;52,88%;44,42%;72,55%;42,21%;49,13%;35,78%;31,44%;;
110011179;Privée;ANTSIRABE I;CU ANTSIRABE;ANTSENAKELY ANDRAIKIBA;ANTSENAKELY;LYCEE PRIVE FRISQUETTE;47,03243363;-19,86979512;43,84%;14;0;7;0;0;21;???;???;???;???;???;???;???;???;???;???;???;034 20 994 86;???;???;???;???;???;???;???;???;???;???;???;???;???;???;???;???;???;???;???;???;???;???;???;???;???;???;???;???;???;52,88%;44,42%;72,55%;42,21%;49,13%;35,78%;31,44%;;
110011190;Privée;ANTSIRABE I;CU ANTSIRABE;MANODIDINA NY GARA AMBILOMBE;MAHAFALY;ECOLE PRIVEE LES PETITS MUSICIENS;47,04111289;-19,84230777;43,84%;7;0;0;0;0;7;???;???;???;???;???;???;???;???;???;???;???;???;???;???;???;???;???;???;???;???;???;???;???;???;???;???;???;???;???;???;???;???;???;???;???;???;???;???;???;???;???;52,88%;44,42%;72,55%;42,21%;49,13%;35,78%;31,44%;;
110011199;Privée;ANTSIRABE I;CU ANTSIRABE;ANTSIRABE AFOVOANY ATSINANANA AMBOHIMANARIVO;AMBOHIMANGA;AKANY TAFITA;47,06207177;-19,93782347;43,84%;8;0;0;0;0;8;???;???;???;???;???;???;???;???;???;???;???;???;???;???;???;???;???;???;???;???;???;???;???;???;???;???;???;???;???;???;???;???;???;???;???;???;???;???;???;???;???;52,88%;44,42%;72,55%;42,21%;49,13%;35,78%;31,44%;;
110011200;Privée;ANTSIRABE I;CU ANTSIRABE;ANTSIRABE AFOVOANY ATSINANANA AMBOHIMANARIVO;AMBOHIMANARIVO;LYCEE PRIVE CHRETIEN BONIFACE;47,0467649;-19,93090896;43,84%;10;0;0;0;0;10;???;???;???;???;???;???;???;???;???;???;???;032 80 138 41;???;???;???;???;???;???;???;???;???;???;???;???;???;???;???;???;???;???;???;???;???;???;???;???;???;???;???;???;???;52,88%;44,42%;72,55%;42,21%;49,13%;35,78%;31,44%;;
110011202;Privée;ANTSIRABE I;CU ANTSIRABE;ANTSENAKELY ANDRAIKIBA;ATSIMOTSENA;LYCEE PRIVE MITSINJO;47,0209037;-19,87068355;43,84%;12;0;0;0;0;12;???;???;???;???;???;???;???;???;???;???;???;034 14 046 46;???;???;???;???;???;???;???;???;???;???;???;???;???;???;???;???;???;???;???;???;???;???;???;???;???;???;???;???;???;52,88%;44,42%;72,55%;42,21%;49,13%;35,78%;31,44%;;
110011213;Privée;ANTSIRABE I;CU ANTSIRABE;MAHAZOARIVO AVARABOHITRA;MAHAZOARIVO NORD;LYCEE LES MIRABELLES;47,02939073;-19,85585343;43,84%;8;0;0;0;0;8;???;???;???;???;???;???;???;???;???;???;???;033 11 681 29;???;???;???;???;???;???;???;???;???;???;???;???;???;???;???;???;???;???;???;???;???;???;???;???;???;???;???;???;???;52,88%;44,42%;72,55%;42,21%;49,13%;35,78%;31,44%;;
110011215;Privée;ANTSIRABE I;CU ANTSIRABE;MANODIDINA NY GARA AMBILOMBE;MAHAFALY;LYCEE PRIVE FJKM MAHAFALY;47,03971406;-19,83929933;43,84%;17;0;0;0;0;17;???;???;???;???;???;???;???;???;???;???;???;034 48 961 82;???;???;???;???;???;???;???;???;???;???;???;???;???;???;???;???;???;???;???;???;???;???;???;???;???;???;???;???;???;52,88%;44,42%;72,55%;42,21%;49,13%;35,78%;31,44%;;
110011220;Privée;ANTSIRABE I;CU ANTSIRABE;MAHAZOARIVO AVARABOHITRA;ANTSONGO;LYCEE PRIVE CATHOLIQUE PICOT DE CLORIVIERE;47,02782377;-19,84802036;43,84%;17;0;0;0;0;17;???;???;???;???;???;???;???;???;???;???;???;034 81 850 69;???;???;???;???;???;???;???;???;???;???;???;???;???;???;???;???;???;???;???;???;???;???;???;???;???;???;???;???;???;52,88%;44,42%;72,55%;42,21%;49,13%;35,78%;31,44%;;
110011229;Privée;ANTSIRABE I;CU ANTSIRABE;MANODIDINA NY GARA AMBILOMBE;MAHAFALY;LYCEE PRIVE LES ORCHIDEE;47,03841104;-19,84218897;43,84%;18;0;2;0;0;20;???;???;???;???;???;???;???;???;???;???;???;034 11 333 09;???;???;???;???;???;???;???;???;???;???;???;???;???;???;???;???;???;???;???;???;???;???;???;???;???;???;???;???;???;52,88%;44,42%;72,55%;42,21%;49,13%;35,78%;31,44%;;
110011238;Privée;ANTSIRABE I;CU ANTSIRABE;ANTSIRABE AFOVOANY ATSINANANA AMBOHIMANARIVO;AMBOHIMANARIVO;LYCEE PRIVE EDENAH I LES JOYEUX POUPOUNS;47,04581797;-19,92410136;43,84%;11;1;8;0;0;20;???;???;???;???;???;???;???;???;???;???;???;???;???;???;???;???;???;???;???;???;???;???;???;???;???;???;???;???;???;???;???;???;???;???;???;???;???;???;???;???;???;52,88%;44,42%;72,55%;42,21%;49,13%;35,78%;31,44%;;
110011248;Privée;ANTSIRABE I;CU ANTSIRABE;MANODIDINA NY GARA AMBILOMBE;FITOMILASI-BEVOKATRA;LYCEE PRIVE KANANA MADAGASIKARA;47,04057065;-19,85924493;43,84%;21;0;0;0;0;21;???;???;???;???;???;???;???;???;???;???;???;034 11 984 24 / 034 06 753 67;???;???;???;???;???;???;???;???;???;???;???;???;???;???;???;???;???;???;???;???;???;???;???;???;???;???;???;???;???;52,88%;44,42%;72,55%;42,21%;49,13%;35,78%;31,44%;;
110011250;Privée;ANTSIRABE I;CU ANTSIRABE;ANTSIRABE AFOVOANY ATSINANANA AMBOHIMANARIVO;AMBOHIMENA SUD;INSTITUTION NICOLAS BARRE;47,04119041;-19,89328882;43,84%;15;0;0;0;0;15;???;???;???;???;???;???;???;???;???;???;???;???;???;???;???;???;???;???;???;???;???;???;???;???;???;???;???;???;???;???;???;???;???;???;???;???;???;???;???;???;???;52,88%;44,42%;72,55%;42,21%;49,13%;35,78%;31,44%;;
110011262;Privée;ANTSIRABE I;CU ANTSIRABE;ANTSIRABE AFOVOANY ATSINANANA AMBOHIMANARIVO;AMBOHIMENA SUD;LYCEE PRIVE EDENAH 2;47,0397049;-19,89792146;43,84%;11;0;14;0;0;25;???;???;???;???;???;???;???;???;???;???;???;???;???;???;???;???;???;???;???;???;???;???;???;???;???;???;???;???;???;???;???;???;???;???;???;???;???;???;???;???;???;52,88%;44,42%;72,55%;42,21%;49,13%;35,78%;31,44%;;
110020601;Privée;ANTSIRABE I;CU ANTSIRABE;ANTSENAKELY ANDRAIKIBA;ANTSENAKELY;LYCEE PRIVE EDUC PLUS;???;???;43,84%;11;0;3;0;0;14;???;???;???;???;???;???;???;???;???;???;???;???;???;???;???;???;???;???;???;???;???;???;???;???;???;???;???;???;???;???;???;???;???;???;???;???;???;???;???;???;???;52,88%;44,42%;72,55%;42,21%;49,13%;35,78%;31,44%;;
110020702;Privée;ANTSIRABE I;CU ANTSIRABE;ANTSENAKELY ANDRAIKIBA;ATSIMOTSENA;LYCEE PRIVE LES SENTINNELLES;???;???;43,84%;7;0;0;0;0;7;???;???;???;???;???;???;???;???;???;???;???;???;???;???;???;???;???;???;???;???;???;???;???;???;???;???;???;???;???;???;???;???;???;???;???;???;???;???;???;???;???;52,88%;44,42%;72,55%;42,21%;49,13%;35,78%;31,44%;;
110030502;Privée;ANTSIRABE I;CU ANTSIRABE;ANTSIRABE AFOVOANY ATSINANANA AMBOHIMANARIVO;AMBOHIMENA SUD;LYCEE PRIVE L'AVENIR;???;???;43,84%;6;0;0;0;0;6;???;???;???;???;???;???;???;???;???;???;???;034 67 342 37;???;???;???;???;???;???;???;???;???;???;???;???;???;???;???;???;???;???;???;???;???;???;???;???;???;???;???;???;???;52,88%;44,42%;72,55%;42,21%;49,13%;35,78%;31,44%;;
110040902;Privée;ANTSIRABE I;CU ANTSIRABE;MAHAZOARIVO AVARABOHITRA;MAHAZOARIVO NORD;LYCEE PRIVE LE DEFI;???;???;43,84%;15;0;4;0;0;19;???;???;???;???;???;???;???;???;???;???;???;???;???;???;???;???;???;???;???;???;???;???;???;???;???;???;???;???;???;???;???;???;???;???;???;???;???;???;???;???;???;52,88%;44,42%;72,55%;42,21%;49,13%;35,78%;31,44%;;
110040903;Privée;ANTSIRABE I;CU ANTSIRABE;MAHAZOARIVO AVARABOHITRA;MAHAZOARIVO NORD;LYCEE PRIVE FENOSOA;47,03028019;-19,85144119;43,84%;20;0;0;0;0;20;???;???;???;???;???;???;???;???;???;???;???;???;???;???;???;???;???;???;???;???;???;???;???;???;???;???;???;???;???;???;???;???;???;???;???;???;???;???;???;???;???;52,88%;44,42%;72,55%;42,21%;49,13%;35,78%;31,44%;;
110050401;Privée;ANTSIRABE I;CU ANTSIRABE;MANODIDINA NY GARA AMBILOMBE;FITOMILASI-BEVOKATRA;LYCEE PRIVE SACRE CŒUR ANTSIRABE;???;???;43,84%;12;0;0;0;0;12;???;???;???;???;???;???;???;???;???;???;???;???;???;???;???;???;???;???;???;???;???;???;???;???;???;???;???;???;???;???;???;???;???;???;???;???;???;???;???;???;???;52,88%;44,42%;72,55%;42,21%;49,13%;35,78%;31,44%;;
110050602;Privée;ANTSIRABE I;CU ANTSIRABE;MANODIDINA NY GARA AMBILOMBE;MANODIDINA NY GARA;LYCEE PRIVE FAMENO;???;???;43,84%;21;0;0;0;0;21;???;???;???;???;???;???;???;???;???;???;???;???;???;???;???;???;???;???;???;???;???;???;???;???;???;???;???;???;???;???;???;???;???;???;???;???;???;???;???;???;???;52,88%;44,42%;72,55%;42,21%;49,13%;35,78%;31,44%;;
111011005;Privée;ANTSIRABE II;ALAKAMISY;ALAKAMISY;ANDOHAFARIHY;SEKOLY LOTERANA MORARANO;46,99707166;-19,80841823;43,84%;4;0;0;0;0;4;???;???;???;???;???;???;???;???;???;???;???;???;???;???;???;???;???;???;???;???;???;???;???;???;???;???;???;???;???;???;???;???;???;???;???;???;???;???;???;???;???;52,88%;44,42%;72,55%;42,21%;49,13%;35,78%;31,44%;;
111020101;Publique;ANTSIRABE II;ALATSINAINY IBITY;ALATSINAINY IBITY;AMBALAVAO;LYCEE COMMUNAUTAIRE ALATSINAINY IBITY;46,98648687;-20,03457924;43,84%;13;0;1;0;0;14;???;???;???;???;???;???;???;???;???;???;???;???;???;???;???;???;???;???;???;???;???;???;???;???;???;???;???;???;???;???;???;???;???;???;???;???;???;???;???;???;???;52,88%;44,42%;72,55%;42,21%;49,13%;35,78%;31,44%;;
111021007;Privée;ANTSIRABE II;ALATSINAINY IBITY;ALATSINAINY IBITY;MANANJARA;LYCEE PRIVE BENITE;47,01559405;-20,03328329;43,84%;5;0;0;0;0;5;???;???;???;???;???;???;???;???;???;???;???;???;???;???;???;???;???;???;???;???;???;???;???;???;???;???;???;???;???;???;???;???;???;???;???;???;???;???;???;???;???;52,88%;44,42%;72,55%;42,21%;49,13%;35,78%;31,44%;;
111030101;Publique;ANTSIRABE II;AMBANO;AMBANO;AMBANO;LYCEE COMMUNAUTAIRE AMBANO;???;???;43,84%;6;2;0;0;0;8;???;???;???;???;???;???;???;???;???;???;???;???;???;???;???;???;???;???;???;???;???;???;???;???;???;???;???;???;???;???;???;???;???;???;???;???;???;???;???;???;???;52,88%;44,42%;72,55%;42,21%;49,13%;35,78%;31,44%;;
111031016;Privée;ANTSIRABE II;AMBANO;AMBANO;AMBANO;LYCEE PRIVE CATHOLIQUE NOTRE DAME DE LA SALETTE AMBANO;47,05373938;-19,78749099;43,84%;9;0;0;0;0;9;???;???;???;???;???;???;???;???;???;???;???;???;???;???;???;???;???;???;???;???;???;???;???;???;???;???;???;???;???;???;???;???;???;???;???;???;???;???;???;???;???;52,88%;44,42%;72,55%;42,21%;49,13%;35,78%;31,44%;;
111031020;Privée;ANTSIRABE II;AMBANO;AMBANO;MANAMPISOA;LYCEE PRIVE ELIME PRIME;47,0385;-19,81898;43,84%;8;0;0;0;0;8;???;???;???;???;???;???;???;???;???;???;???;???;???;???;???;???;???;???;???;???;???;???;???;???;???;???;???;???;???;???;???;???;???;???;???;???;???;???;???;???;???;52,88%;44,42%;72,55%;42,21%;49,13%;35,78%;31,44%;;
111031022;Privée;ANTSIRABE II;AMBANO;AMBANO;AMBOHITSARATELO;LYCEE PRIVE MODESTE;47,07111479;-19,74033293;43,84%;7;0;0;0;0;7;???;???;???;???;???;???;???;???;???;???;???;???;???;???;???;???;???;???;???;???;???;???;???;???;???;???;???;???;???;???;???;???;???;???;???;???;???;???;???;???;???;52,88%;44,42%;72,55%;42,21%;49,13%;35,78%;31,44%;;
111031024;Privée;ANTSIRABE II;AMBANO;AMBANO;TSARAFIRAISANA;COLLEGE PRIVE LES PETITS MUSICIENS II;47,0541992;-19,82334302;43,84%;8;0;0;0;0;8;???;???;???;???;???;???;???;???;???;???;???;???;???;???;???;???;???;???;???;???;???;???;???;???;???;???;???;???;???;???;???;???;???;???;???;???;???;???;???;???;???;52,88%;44,42%;72,55%;42,21%;49,13%;35,78%;31,44%;;
111041001;Privée;ANTSIRABE II;AMBATOMENA;AMBATOMENA;MAHAZOARIVO;COLLEGE PRIVE LUTHERIEN AMBONIRIANA;47,22313946;-19,8243729;43,84%;7;0;0;0;0;7;???;???;???;???;???;???;???;???;???;???;???;???;???;???;???;???;???;???;???;???;???;???;???;???;???;???;???;???;???;???;???;???;???;???;???;???;???;???;???;???;???;52,88%;44,42%;72,55%;42,21%;49,13%;35,78%;31,44%;;
111050023;Publique;ANTSIRABE II;AMBOHIBARY;AMBOHIBARY;SAHABE TETEZANA;LYCEE AMBOHIBARY;47,15256985;-19,63419121;43,84%;3;19;1;4;1;28;???;???;???;???;???;???;???;???;???;???;???;???;???;???;???;???;???;???;???;???;???;???;???;???;???;???;???;???;???;???;???;???;???;???;???;???;???;???;???;???;???;52,88%;44,42%;72,55%;42,21%;49,13%;35,78%;31,44%;;
111051011;Privée;ANTSIRABE II;AMBOHIBARY;AMBOHIBARY;FANOMEZANTSOA SAMBAINA GARA;LYCEE PRIVE ADVENTISTE JULIEN RAMAMONJISOA;47,16233529;-19,66016035;43,84%;13;0;0;0;0;13;???;???;???;???;???;???;???;???;???;???;???;???;???;???;???;???;???;???;???;???;???;???;???;???;???;???;???;???;???;???;???;???;???;???;???;???;???;???;???;???;???;52,88%;44,42%;72,55%;42,21%;49,13%;35,78%;31,44%;;
111051012;Privée;ANTSIRABE II;AMBOHIBARY;AMBOHIBARY;AMBOHIBARY IRAY TSY MIVAKY;LYCEE PRIVE MARANATHA AMBOHIBARY;47,14011963;-19,61952694;43,84%;9;0;0;0;0;9;???;???;???;???;???;???;???;???;???;???;???;???;???;???;???;???;???;???;???;???;???;???;???;???;???;???;???;???;???;???;???;???;???;???;???;???;???;???;???;???;???;52,88%;44,42%;72,55%;42,21%;49,13%;35,78%;31,44%;;
111051013;Privée;ANTSIRABE II;AMBOHIBARY;AMBOHIBARY;AMBOHIBARY IRAY TSY MIVAKY;LYCEE PRIVE SAINTE MARIE;47,13654768;-19,6195407;43,84%;10;0;0;0;0;10;???;???;???;???;???;???;???;???;???;???;???;???;???;???;???;???;???;???;???;???;???;???;???;???;???;???;???;???;???;???;???;???;???;???;???;???;???;???;???;???;???;52,88%;44,42%;72,55%;42,21%;49,13%;35,78%;31,44%;;
111051014;Privée;ANTSIRABE II;AMBOHIBARY;AMBOHIBARY;TSARAZAZAMANDIMBY;LYCEE CATHOLIQUE SAINT JOSEPH AMBOHIBARY;47,14132862;-19,6156707;43,84%;10;0;0;0;0;10;???;???;???;???;???;???;???;???;???;???;???;???;???;???;???;???;???;???;???;???;???;???;???;???;???;???;???;???;???;???;???;???;???;???;???;???;???;???;???;???;???;52,88%;44,42%;72,55%;42,21%;49,13%;35,78%;31,44%;;
111051016;Privée;ANTSIRABE II;AMBOHIBARY;AMBOHIBARY;AMBOHIBARY IRAY TSY MIVAKY;LYCEE PRIVE MARTIN LUTHER;47,13909711;-19,61818651;43,84%;13;0;0;0;0;13;???;???;???;???;???;???;???;???;???;???;???;???;???;???;???;???;???;???;???;???;???;???;???;???;???;???;???;???;???;???;???;???;???;???;???;???;???;???;???;???;???;52,88%;44,42%;72,55%;42,21%;49,13%;35,78%;31,44%;;
111060018;Publique;ANTSIRABE II;AMBOHIDRANANDRIANA;AMBOHIDRANANDRIANA;AMBOHIMARINA;LYCEE AMBOHIDRANANDRIANA;47,14777754;-19,89228259;43,84%;4;16;1;2;1;24;???;???;???;???;???;???;???;???;???;???;???;???;???;???;???;???;???;???;???;???;???;???;???;???;???;???;???;???;???;???;???;???;???;???;???;???;???;???;???;???;???;52,88%;44,42%;72,55%;42,21%;49,13%;35,78%;31,44%;;
111071001;Privée;ANTSIRABE II;AMBOHIMIARIVO;AMBOHIMIARIVO;BETSIHOLANY;COLLEGE PRIVE SAINT PAUL BETSIHOLANY;47,15302449;-19,85523131;43,84%;11;0;0;0;0;11;???;???;???;???;???;???;???;???;???;???;???;???;???;???;???;???;???;???;???;???;???;???;???;???;???;???;???;???;???;???;???;???;???;???;???;???;???;???;???;???;???;52,88%;44,42%;72,55%;42,21%;49,13%;35,78%;31,44%;;
111080201;Publique;ANTSIRABE II;AMBOHITSIMANOVA;AMBOHITSIMANOVA;AMBOHITSIMANOVA;LYCEE COMMUNAUTAIRE AMBOHITSIMANOVA;???;???;43,84%;5;3;1;1;1;11;???;???;???;???;???;???;???;???;???;???;???;???;???;???;???;???;???;???;???;???;???;???;???;???;???;???;???;???;???;???;???;???;???;???;???;???;???;???;???;???;???;52,88%;44,42%;72,55%;42,21%;49,13%;35,78%;31,44%;;
111090020;Publique;ANTSIRABE II;ANDRANOMANELATRA;ANDRANOMANELATRA;ANDRANOMANELATRA;LYCEE ANDRANOMANELATRA;47,11105626;-19,78790961;43,84%;1;23;1;5;0;30;???;???;???;???;???;???;???;???;???;???;???;???;???;???;???;???;???;???;???;???;???;???;???;???;???;???;???;???;???;???;???;???;???;???;???;???;???;???;???;???;???;52,88%;44,42%;72,55%;42,21%;49,13%;35,78%;31,44%;;
111091010;Privée;ANTSIRABE II;ANDRANOMANELATRA;ANDRANOMANELATRA;TSARAVAVAKA;LYCEE PRIVE CATHOLIQUE FANANTENANA TSARAVAVAKA;47,07757972;-19,81702222;43,84%;8;0;0;0;0;8;???;???;???;???;???;???;???;???;???;???;???;???;???;???;???;???;???;???;???;???;???;???;???;???;???;???;???;???;???;???;???;???;???;???;???;???;???;???;???;???;???;52,88%;44,42%;72,55%;42,21%;49,13%;35,78%;31,44%;;
111091012;Privée;ANTSIRABE II;ANDRANOMANELATRA;ANDRANOMANELATRA;TSARAVAVAKA;LYCEE PRIVE L'HORIZON;47,08015532;-19,82740147;43,84%;8;0;0;0;0;8;???;???;???;???;???;???;???;???;???;???;???;???;???;???;???;???;???;???;???;???;???;???;???;???;???;???;???;???;???;???;???;???;???;???;???;???;???;???;???;???;???;52,88%;44,42%;72,55%;42,21%;49,13%;35,78%;31,44%;;
111091014;Privée;ANTSIRABE II;ANDRANOMANELATRA;ANDRANOMANELATRA;ANDRANOMANELATRA;LYCEE PRIVE FJKM FAMONJENA;47,10494067;-19,78309483;43,84%;8;0;0;0;0;8;???;???;???;???;???;???;???;???;???;???;???;???;???;???;???;???;???;???;???;???;???;???;???;???;???;???;???;???;???;???;???;???;???;???;???;???;???;???;???;???;???;52,88%;44,42%;72,55%;42,21%;49,13%;35,78%;31,44%;;
111091025;Privée;ANTSIRABE II;ANDRANOMANELATRA;ANDRANOMANELATRA;ANDRANOMANELATRA;JUNIOR HIGH SCHOOL ANDRANOMANELATRA;47,12499084;-19,82223913;43,84%;6;0;0;0;0;6;???;???;???;???;???;???;???;???;???;???;???;???;???;???;???;???;???;???;???;???;???;???;???;???;???;???;???;???;???;???;???;???;???;???;???;???;???;???;???;???;???;52,88%;44,42%;72,55%;42,21%;49,13%;35,78%;31,44%;;
111101016;Privée;ANTSIRABE II;ANTANAMBAO;ANTANAMBAO;SOAMIAMPITA;LYCEE PRIVE L'AVENIR;47,37755734;-19,96545038;43,84%;4;0;0;0;0;4;???;???;???;???;???;???;???;???;???;???;???;???;???;???;???;???;???;???;???;???;???;???;???;???;???;???;???;???;???;???;???;???;???;???;???;???;???;???;???;???;???;52,88%;44,42%;72,55%;42,21%;49,13%;35,78%;31,44%;;
111101022;Privée;ANTSIRABE II;ANTANAMBAO;ANTANAMBAO;SOANIERANA;COLLEGE PRIVE CATHOLIQUE SAINT JEAN PAUL II SOAMANANAZY;47,37153432;-19,94611452;43,84%;2;0;0;0;0;2;???;???;???;???;???;???;???;???;???;???;???;???;???;???;???;???;???;???;???;???;???;???;???;???;???;???;???;???;???;???;???;???;???;???;???;???;???;???;???;???;???;52,88%;44,42%;72,55%;42,21%;49,13%;35,78%;31,44%;;
111101401;Publique;ANTSIRABE II;ANTANAMBAO;ANTANAMBAO;SOANIERANA;LYCEE COMMUNAUTAIRE ANTANAMBAO;47,1683137;-19,8753727;43,84%;8;0;0;0;0;8;???;???;???;???;???;???;???;???;???;???;???;???;???;???;???;???;???;???;???;???;???;???;???;???;???;???;???;???;???;???;???;???;???;???;???;???;???;???;???;???;???;52,88%;44,42%;72,55%;42,21%;49,13%;35,78%;31,44%;;
111110101;Privée;ANTSIRABE II;ANTANIMANDRY;ANTANIMANDRY;AMBOHIDRANO;LYCEE PRIVE LE SAUVEUR AMBOHIDRANO;46,95496368;-19,8559092;43,84%;7;0;0;0;0;7;???;???;???;???;???;???;???;???;???;???;???;033 76 746 96;???;???;???;???;???;???;???;???;???;???;???;???;???;???;???;???;???;???;???;???;???;???;???;???;???;???;???;???;???;52,88%;44,42%;72,55%;42,21%;49,13%;35,78%;31,44%;;
111111002;Privée;ANTSIRABE II;ANTANIMANDRY;ANTANIMANDRY;ANTANIMANDRY;LYCEE PRIVE CHRETIEN ANTANIMANDRY;46,95861304;-19,85118621;43,84%;14;0;0;0;0;14;???;???;???;???;???;???;???;???;???;???;???;???;???;???;???;???;???;???;???;???;???;???;???;???;???;???;???;???;???;???;???;???;???;???;???;???;???;???;???;???;???;52,88%;44,42%;72,55%;42,21%;49,13%;35,78%;31,44%;;
111121002;Privée;ANTSIRABE II;ANTSOANTANY;ANTSOATANY;ANTSAPANIMAHAZO;LYCEE PRIVE CATHOLIQUE SAINT JOSEPH ANJAMANA;47,16802125;-19,68498207;43,84%;7;0;0;0;0;7;???;???;???;???;???;???;???;???;???;???;???;???;???;???;???;???;???;???;???;???;???;???;???;???;???;???;???;???;???;???;???;???;???;???;???;???;???;???;???;???;???;52,88%;44,42%;72,55%;42,21%;49,13%;35,78%;31,44%;;
111121003;Privée;ANTSIRABE II;ANTSOANTANY;ANTSOATANY;ANTSOANTANY;LYCEE PRIVE RANDRIAMBOLOLONA;47,16436323;-19,71473044;43,84%;6;0;0;0;0;6;???;???;???;???;???;???;???;???;???;???;???;???;???;???;???;???;???;???;???;???;???;???;???;???;???;???;???;???;???;???;???;???;???;???;???;???;???;???;???;???;???;52,88%;44,42%;72,55%;42,21%;49,13%;35,78%;31,44%;;
111130016;Publique;ANTSIRABE II;BELAZAO;BELAZAO;TSARAHASINA;LYCEE TSARAHASINA;46,94728822;-19,94056655;43,84%;10;9;1;1;0;21;???;???;???;???;???;???;???;???;???;???;???;???;???;???;???;???;???;???;???;???;???;???;???;???;???;???;???;???;???;???;???;???;???;???;???;???;???;???;???;???;???;52,88%;44,42%;72,55%;42,21%;49,13%;35,78%;31,44%;;
111140301;Publique;ANTSIRABE II;MANANDONA;MANANDONA;AMBOHIPAHANA SOARAY;LYCEE COMMUNAUTAIRE MANANDONA;47,06550128;-20,05236402;43,84%;7;1;0;1;0;9;???;???;???;???;???;???;???;???;???;???;???;???;???;???;???;???;???;???;???;???;???;???;???;???;???;???;???;???;???;???;???;???;???;???;???;???;???;???;???;???;???;52,88%;44,42%;72,55%;42,21%;49,13%;35,78%;31,44%;;
111141001;Privée;ANTSIRABE II;MANANDONA;MANANDONA;MANANDONA;LYCEE PRIVE TSARAFARA;47,05517519;-20,06053789;43,84%;10;0;0;0;0;10;???;???;???;???;???;???;???;???;???;???;???;???;???;???;???;???;???;???;???;???;???;???;???;???;???;???;???;???;???;???;???;???;???;???;???;???;???;???;???;???;???;52,88%;44,42%;72,55%;42,21%;49,13%;35,78%;31,44%;;
111141002;Privée;ANTSIRABE II;MANANDONA;MANANDONA;AMBOHITRIMANJATO;ECOLE PRIVEE CATHOLIQUE AMBOHIMIARISOA;47,04218047;-20,04997266;43,84%;11;0;0;0;0;11;???;???;???;???;???;???;???;???;???;???;???;???;???;???;???;???;???;???;???;???;???;???;???;???;???;???;???;???;???;???;???;???;???;???;???;???;???;???;???;???;???;52,88%;44,42%;72,55%;42,21%;49,13%;35,78%;31,44%;;
111141003;Privée;ANTSIRABE II;MANANDONA;MANANDONA;MANANDONA;LYCEE PRIVE CATHOLIQUE SACRE-COEUR;47,05591907;-20,05926052;43,84%;10;0;0;0;0;10;???;???;???;???;???;???;???;???;???;???;???;???;???;???;???;???;???;???;???;???;???;???;???;???;???;???;???;???;???;???;???;???;???;???;???;???;???;???;???;???;???;52,88%;44,42%;72,55%;42,21%;49,13%;35,78%;31,44%;;
111141007;Privée;ANTSIRABE II;MANANDONA;MANANDONA;AMBOHIPAHANA SOARAY;LYCEE PRIVE LE GROSMAIRE;47,05501522;-20,04895231;43,84%;13;0;0;0;0;13;???;???;???;???;???;???;???;???;???;???;???;???;???;???;???;???;???;???;???;???;???;???;???;???;???;???;???;???;???;???;???;???;???;???;???;???;???;???;???;???;???;52,88%;44,42%;72,55%;42,21%;49,13%;35,78%;31,44%;;
111160801;Publique;ANTSIRABE II;MANGARANO;MANGARANO;MANGARANO;LYCEE COMMUNAUTAIRE MANGARANO;46,97658091;-19,9698941;43,84%;7;0;0;2;0;9;???;???;???;???;???;???;???;???;???;???;???;???;???;???;???;???;???;???;???;???;???;???;???;???;???;???;???;???;???;???;???;???;???;???;???;???;???;???;???;???;???;52,88%;44,42%;72,55%;42,21%;49,13%;35,78%;31,44%;;
111170015;Publique;ANTSIRABE II;SAHANIVOTRY MANANDONA;SAHANIVOTRY;SAHANIVOTRY;LYCEE COMMUNAUTAIRE SAHANIVOTRY;47,07610486;-20,12845595;43,84%;3;8;0;1;0;12;???;???;???;???;???;???;???;???;???;???;???;???;???;???;???;???;???;???;???;???;???;???;???;???;???;???;???;???;???;???;???;???;???;???;???;???;???;???;???;???;???;52,88%;44,42%;72,55%;42,21%;49,13%;35,78%;31,44%;;
111180013;Publique;ANTSIRABE II;SOANINDRARINY;SOANINDRARINY;SOANINDRARINY;LYCEE SOANINDRARINY;47,23023038;-19,90641524;43,84%;2;12;1;1;1;17;???;???;???;???;???;???;???;???;???;???;???;???;???;???;???;???;???;???;???;???;???;???;???;???;???;???;???;???;???;???;???;???;???;???;???;???;???;???;???;???;???;52,88%;44,42%;72,55%;42,21%;49,13%;35,78%;31,44%;;
111181011;Privée;ANTSIRABE II;SOANINDRARINY;SOANINDRARINY;SOANINDRARINY;LYCEE PRIVE CATHOLIQUE SAINTE GENEVIEVE;47,23023038;-19,90641524;43,84%;8;0;0;0;0;8;???;???;???;???;???;???;???;???;???;???;???;???;???;???;???;???;???;???;???;???;???;???;???;???;???;???;???;???;???;???;???;???;???;???;???;???;???;???;???;???;???;52,88%;44,42%;72,55%;42,21%;49,13%;35,78%;31,44%;;
111190016;Publique;ANTSIRABE II;TSARAHONENANA SAHANIVOTRY;TSARAHONENANA;BELANITRA;LYCEE COMMUNAUTAIRE TSARAHONENANA;47,27319468;-19,978341;43,84%;11;18;1;2;1;33;???;???;???;???;???;???;???;???;???;???;???;???;???;???;???;???;???;???;???;???;???;???;???;???;???;???;???;???;???;???;???;???;???;???;???;???;???;???;???;???;???;52,88%;44,42%;72,55%;42,21%;49,13%;35,78%;31,44%;;
111200014;Publique;ANTSIRABE II;VINANINKARENA;VINANINKARENA;ANKARINOMBY;LYCEE COMMUNAUTAIRE VINANINKARENA;47,04453862;-19,95861635;43,84%;4;25;2;3;1;35;???;???;???;???;???;???;???;???;???;???;???;???;???;???;???;???;???;???;???;???;???;???;???;???;???;???;???;???;???;???;???;???;???;???;???;???;???;???;???;???;???;52,88%;44,42%;72,55%;42,21%;49,13%;35,78%;31,44%;;
111201009;Privée;ANTSIRABE II;VINANINKARENA;VINANINKARENA;ANKARINOMBY;COLLEGE PRIVE AINA;47,0398287;-19,95202286;43,84%;8;0;0;0;0;8;???;???;???;???;???;???;???;???;???;???;???;???;???;???;???;???;???;???;???;???;???;???;???;???;???;???;???;???;???;???;???;???;???;???;???;???;???;???;???;???;???;52,88%;44,42%;72,55%;42,21%;49,13%;35,78%;31,44%;;
111201016;Privée;ANTSIRABE II;VINANINKARENA;VINANINKARENA;ANKARINOMBY;LYCEE PRIVE FITAHIANA;47,04145882;-19,95603734;43,84%;10;0;0;0;0;10;???;???;???;???;???;???;???;???;???;???;???;???;???;???;???;???;???;???;???;???;???;???;???;???;???;???;???;???;???;???;???;???;???;???;???;???;???;???;???;???;???;52,88%;44,42%;72,55%;42,21%;49,13%;35,78%;31,44%;;
113010006;Publique;BETAFO;ALAKAMISY ANATIVATO;ALAKAMISY ANATIVATO;IMANJA;LYCEE COMMUNAUTAIRE DOX ANJANAPARA;46,90123526;-19,90886288;43,37%;10;10;0;2;0;22;???;???;???;???;???;???;???;???;???;???;???;???;???;???;???;???;???;???;???;???;???;???;???;???;???;???;???;???;???;???;???;???;???;???;???;???;???;???;???;???;???;37,21%;50,18%;100,00%;38,51%;43,58%;18,80%;32,85%;;
113010303;Privée;BETAFO;ALAKAMISY ANATIVATO;ALAKAMISY ANATIVATO;AMPAMELOMANA;LYCEE PRIVE L'ESPOIR;???;???;43,37%;6;0;0;0;0;6;???;???;???;???;???;???;???;???;???;???;???;???;???;???;???;???;???;???;???;???;???;???;???;???;???;???;???;???;???;???;???;???;???;???;???;???;???;???;???;???;???;37,21%;50,18%;100,00%;38,51%;43,58%;18,80%;32,85%;;
113011001;Privée;BETAFO;ALAKAMISY ANATIVATO;ALAKAMISY ANATIVATO;AMPAMELOMANA;LYCEE PRIVE CHRETIEN ATSIMONIAVOKO;46,89568161;-19,86848505;43,37%;15;0;0;0;0;15;???;???;???;???;???;???;???;???;???;???;???;???;???;???;???;???;???;???;???;???;???;???;???;???;???;???;???;???;???;???;???;???;???;???;???;???;???;???;???;???;???;37,21%;50,18%;100,00%;38,51%;43,58%;18,80%;32,85%;;
113021001;Privée;BETAFO;ALAROBIA BEMAHA;ALAROBIA BEMAHA;ANDRANOVORILAVA;LYCEE PRIVE CATHOLIQUE SAINT FRANCOIS D'ASSISE ANDRANOVORILAVA;46,87362521;-20,22137315;43,37%;7;0;0;0;0;7;???;???;???;???;???;???;???;???;???;???;???;???;???;???;???;???;???;???;???;???;???;???;???;???;???;???;???;???;???;???;???;???;???;???;???;???;???;???;???;???;???;37,21%;50,18%;100,00%;38,51%;43,58%;18,80%;32,85%;;
113031001;Privée;BETAFO;AMBATONIKOLAHY;AMBATONIKOLAHY;TSARAZAFY;LYCEE CATHOLIQUE NOTRE DAME DU ROSAIRE AMBOLOTARA;46,95106054;-19,75028081;43,37%;6;0;1;0;0;7;???;???;???;???;???;???;???;???;???;???;???;???;???;???;???;???;???;???;???;???;???;???;???;???;???;???;???;???;???;???;???;???;???;???;???;???;???;???;???;???;???;37,21%;50,18%;100,00%;38,51%;43,58%;18,80%;32,85%;;
113050402;Publique;BETAFO;AMBOHIMASINA;AMBOHIMASINA;AMBOHIMASINA;LYCEE COMMUNAUTAIRE AMBOHIMASINA;46,73489475;-19,6485414;43,37%;9;1;0;1;0;11;???;???;???;???;???;???;???;???;???;???;???;???;???;???;???;???;???;???;???;???;???;???;???;???;???;???;???;???;???;???;???;???;???;???;???;???;???;???;???;???;???;37,21%;50,18%;100,00%;38,51%;43,58%;18,80%;32,85%;;
113051003;Privée;BETAFO;AMBOHIMASINA;AMBOHIMASINA;AMBOHIMASINA;COLLEGE PRIVE CATHOLIQUE SAINTE MARIE IMMACULEE AMBOHIMASINA;46,7347988;-19,65280499;43,37%;7;0;0;0;0;7;???;???;???;???;???;???;???;???;???;???;???;???;???;???;???;???;???;???;???;???;???;???;???;???;???;???;???;???;???;???;???;???;???;???;???;???;???;???;???;???;???;37,21%;50,18%;100,00%;38,51%;43,58%;18,80%;32,85%;;
113051013;Privée;BETAFO;AMBOHIMASINA;AMBOHIMASINA;AMBOHIMASINA;LYCEE PRIVE LA SOURCE AMBOHIMASINA;46,73561272;-19,64969727;43,37%;12;0;0;0;0;12;???;???;???;???;???;???;???;???;???;???;???;???;???;???;???;???;???;???;???;???;???;???;???;???;???;???;???;???;???;???;???;???;???;???;???;???;???;???;???;???;???;37,21%;50,18%;100,00%;38,51%;43,58%;18,80%;32,85%;;
113100010;Publique;BETAFO;BETAFO;BETAFO;AVARATSENA;LYCEE BETAFO;46,85623256;-19,83793379;43,37%;5;42;3;10;3;63;???;???;???;???;???;???;???;???;???;???;???;???;???;???;???;???;???;???;???;???;???;???;???;???;???;???;???;???;???;???;???;???;???;???;???;???;???;???;???;???;???;37,21%;50,18%;100,00%;38,51%;43,58%;18,80%;32,85%;;
113100401;Privée;BETAFO;BETAFO;BETAFO;AMBOHIPIHAONANA;LYCEE PRIVE AVOTRA;46,83988;-19,83732;43,37%;10;0;0;0;0;10;???;???;???;???;???;???;???;???;???;???;???;???;???;???;???;???;???;???;???;???;???;???;???;???;???;???;???;???;???;???;???;???;???;???;???;???;???;???;???;???;???;37,21%;50,18%;100,00%;38,51%;43,58%;18,80%;32,85%;;
113101008;Privée;BETAFO;BETAFO;BETAFO;AVARATSENA;LYCEE PRIVE LUTHERIEN BETAFO;46,85967495;-19,82976566;43,37%;14;0;0;0;0;14;???;???;???;???;???;???;???;???;???;???;???;???;???;???;???;???;???;???;???;???;???;???;???;???;???;???;???;???;???;???;???;???;???;???;???;???;???;???;???;???;???;37,21%;50,18%;100,00%;38,51%;43,58%;18,80%;32,85%;;
113101009;Privée;BETAFO;BETAFO;BETAFO;AVARATSENA;LYCEE PRIVE FJKM ZIVA;46,85557894;-19,8339243;43,37%;13;0;2;0;0;15;???;???;???;???;???;???;???;???;???;???;???;???;???;???;???;???;???;???;???;???;???;???;???;???;???;???;???;???;???;???;???;???;???;???;???;???;???;???;???;???;???;37,21%;50,18%;100,00%;38,51%;43,58%;18,80%;32,85%;;
113101011;Privée;BETAFO;BETAFO;BETAFO;ATSINANANTSENA I;LYCEE PRIVE LE NID ADO;46,85851574;-19,83822705;43,37%;8;0;0;0;0;8;???;???;???;???;???;???;???;???;???;???;???;???;???;???;???;???;???;???;???;???;???;???;???;???;???;???;???;???;???;???;???;???;???;???;???;???;???;???;???;???;???;37,21%;50,18%;100,00%;38,51%;43,58%;18,80%;32,85%;;
113101013;Privée;BETAFO;BETAFO;BETAFO;ATSIMONTSENA;GROUPE SCOLAIRE CATHOLIQUE SAINT LOUIS BETAFO;46,85452419;-19,8400169;43,37%;20;0;1;0;0;21;???;???;???;???;???;???;???;???;???;???;???;???;???;???;???;???;???;???;???;???;???;???;???;???;???;???;???;???;???;???;???;???;???;???;???;???;???;???;???;???;???;37,21%;50,18%;100,00%;38,51%;43,58%;18,80%;32,85%;;
113101017;Privée;BETAFO;BETAFO;BETAFO;AMBOHIPIHAONANA;LYCEE PRIVE MAMIN-TSOA SCHOOL;46,84890839;-19,83619797;43,37%;14;0;0;0;0;14;???;???;???;???;???;???;???;???;???;???;???;???;???;???;???;???;???;???;???;???;???;???;???;???;???;???;???;???;???;???;???;???;???;???;???;???;???;???;???;???;???;37,21%;50,18%;100,00%;38,51%;43,58%;18,80%;32,85%;;
113120011;Publique;BETAFO;INANANTONANA;INANANTONANA;INANANTONANA;LYCEE COMMUNAUTAIRE INANANTONANA;46,6256161;-19,6514212;43,37%;9;7;0;2;0;18;???;???;???;???;???;???;???;???;???;???;???;???;???;???;???;???;???;???;???;???;???;???;???;???;???;???;???;???;???;???;???;???;???;???;???;???;???;???;???;???;???;37,21%;50,18%;100,00%;38,51%;43,58%;18,80%;32,85%;;
113130302;Publique;BETAFO;MAHAIZA;MAHAIZA;AMBOHIMANAMORA;LYCEE MAHAIZA;46,82751405;-19,90533044;43,37%;9;0;0;0;0;9;???;???;???;???;???;???;???;???;???;???;???;???;???;???;???;???;???;???;???;???;???;???;???;???;???;???;???;???;???;???;???;???;???;???;???;???;???;???;???;???;???;37,21%;50,18%;100,00%;38,51%;43,58%;18,80%;32,85%;;
113131003;Privée;BETAFO;MAHAIZA;MAHAIZA;MAHAIZA;LYCEE PRIVE CATHOLIQUE SAINT JOSEPH MAHAIZA;46,80631676;-19,90175271;43,37%;7;0;0;0;0;7;???;???;???;???;???;???;???;???;???;???;???;???;???;???;???;???;???;???;???;???;???;???;???;???;???;???;???;???;???;???;???;???;???;???;???;???;???;???;???;???;???;37,21%;50,18%;100,00%;38,51%;43,58%;18,80%;32,85%;;
113160701;Publique;BETAFO;SOAVINA;SOAVINA;SOAVINA;LYCEE COMMUNAUTAIRE SOAVINA;46,72688772;-19,79348701;43,37%;11;2;2;0;0;15;???;???;???;???;???;???;???;???;???;???;???;???;???;???;???;???;???;???;???;???;???;???;???;???;???;???;???;???;???;???;???;???;???;???;???;???;???;???;???;???;???;37,21%;50,18%;100,00%;38,51%;43,58%;18,80%;32,85%;;
113161004;Privée;BETAFO;SOAVINA;SOAVINA;SOAVINA;LYCEE PRIVE CATHOLIQUE SAINT PIERRE MAZAVASOA SOAVINA;46,73008209;-19,78782484;43,37%;7;0;0;0;0;7;???;???;???;???;???;???;???;???;???;???;???;???;???;???;???;???;???;???;???;???;???;???;???;???;???;???;???;???;???;???;???;???;???;???;???;???;???;???;???;???;???;37,21%;50,18%;100,00%;38,51%;43,58%;18,80%;32,85%;;
113170010;Publique;BETAFO;TRITRIVA;TRITRIVA;TRITRIVA;LYCEE COMMUNAUTAIRE TRITRIVA;46,93260691;-19,92644009;43,37%;12;3;0;3;0;18;???;???;???;???;???;???;???;???;???;???;???;???;???;???;???;???;???;???;???;???;???;???;???;???;???;???;???;???;???;???;???;???;???;???;???;???;???;???;???;???;???;37,21%;50,18%;100,00%;38,51%;43,58%;18,80%;32,85%;;
113220023;Publique;BETAFO;ANOSIARIVO MANAPA;ANOSIARIVO MANAPA;ANOSIARIVO MANAPA;LYCEE ANOSIARIVO MANAPA;46,6811385;-20,01501446;43,37%;4;8;2;0;0;14;???;???;???;???;???;???;???;???;???;???;???;???;???;???;???;???;???;???;???;???;???;???;???;???;???;???;???;???;???;???;???;???;???;???;???;???;???;???;???;???;???;37,21%;50,18%;100,00%;38,51%;43,58%;18,80%;32,85%;;
113230013;Publique;BETAFO;ANTOHOBE;ANTOHOBE;ANTOHOBE;LYCEE ANTOHOBE;46,68149447;-19,76818005;43,37%;7;6;1;1;0;15;???;???;???;???;???;???;???;???;???;???;???;???;???;???;???;???;???;???;???;???;???;???;???;???;???;???;???;???;???;???;???;???;???;???;???;???;???;???;???;???;???;37,21%;50,18%;100,00%;38,51%;43,58%;18,80%;32,85%;;
114010016;Publique;FARATSIHO;AMBOHIBORONA;AMBATOFOTSY;BETSIZARAINA;LYCEE AMBATOFOTSY;47,09628576;-19,39036654;46,86%;4;11;0;0;0;15;???;???;???;???;???;???;???;???;???;???;???;???;???;???;???;???;???;???;???;???;???;???;???;???;???;???;???;???;???;???;???;???;???;???;???;???;???;???;???;???;???;47,21%;51,54%;25,00%;36,06%;65,25%;39,24%;18,12%;;
114011001;Privée;FARATSIHO;AMBOHIBORONA;AMBATOFOTSY;ANTSONJORANO;LYCEE PRIVE CATHOLIQUE SAINT AUGUSTIN ANTSONJORANO;47,11466462;-19,39944875;46,86%;6;0;0;0;0;6;???;???;???;???;???;???;???;???;???;???;???;???;???;???;???;???;???;???;???;???;???;???;???;???;???;???;???;???;???;???;???;???;???;???;???;???;???;???;???;???;???;47,21%;51,54%;25,00%;36,06%;65,25%;39,24%;18,12%;;
114011020;Privée;FARATSIHO;AMBOHIBORONA;AMBATOFOTSY;ANTSONJORANO;LYCEE PRIVE LA CONCEPTION AMBATOFOTSY;47,10989216;-19,39691757;46,86%;4;0;1;0;0;5;???;???;???;???;???;???;???;???;???;???;???;???;???;???;???;???;???;???;???;???;???;???;???;???;???;???;???;???;???;???;???;???;???;???;???;???;???;???;???;???;???;47,21%;51,54%;25,00%;36,06%;65,25%;39,24%;18,12%;;
114020007;Publique;FARATSIHO;ANDRANOMIADY;ANDRANOMIADY;ANDRANOMIADY;LYCEE ANDRANOMIADY;46,98809497;-19,24143487;46,86%;2;5;0;0;0;7;???;???;???;???;???;???;???;???;???;???;???;???;???;???;???;???;???;???;???;???;???;???;???;???;???;???;???;???;???;???;???;???;???;???;???;???;???;???;???;???;???;47,21%;51,54%;25,00%;36,06%;65,25%;39,24%;18,12%;;
114030018;Publique;FARATSIHO;ANTSAMPANIMAHAZO;ANTSAMPANIMAHAZO;AVARATRAKOLAHY;LYCEE ANTSAMPANIMAHAZO;47,01847005;-19,41344109;46,86%;3;11;1;0;1;16;???;???;???;???;???;???;???;???;???;???;???;???;???;???;???;???;???;???;???;???;???;???;???;???;???;???;???;???;???;???;???;???;???;???;???;???;???;???;???;???;???;47,21%;51,54%;25,00%;36,06%;65,25%;39,24%;18,12%;;
114040030;Publique;FARATSIHO;FARATSIHO;FARATSIHO;TSARATANANA;LYCEE FARATSIHO;46,96489227;-19,38670983;46,86%;2;29;0;8;0;39;???;???;???;???;???;???;???;???;???;???;???;???;???;???;???;???;???;???;???;???;???;???;???;???;???;???;???;???;???;???;???;???;???;???;???;???;???;???;???;???;???;47,21%;51,54%;25,00%;36,06%;65,25%;39,24%;18,12%;;
114041040;Privée;FARATSIHO;FARATSIHO;FARATSIHO;FARATSIHO;LYCEE FJKM AMBOHIMAHATAZANA FARATSIHO;46,95047754;-19,41022186;46,86%;7;0;0;0;0;7;???;???;???;???;???;???;???;???;???;???;???;???;???;???;???;???;???;???;???;???;???;???;???;???;???;???;???;???;???;???;???;???;???;???;???;???;???;???;???;???;???;47,21%;51,54%;25,00%;36,06%;65,25%;39,24%;18,12%;;
114041041;Privée;FARATSIHO;FARATSIHO;FARATSIHO;FARATSIHO;LYCEE PRIVE ANGLICAN EDWARD OLIVIER MAC MAHON FARATSIHO;46,95183834;-19,4038476;46,86%;7;0;0;0;0;7;???;???;???;???;???;???;???;???;???;???;???;???;???;???;???;???;???;???;???;???;???;???;???;???;???;???;???;???;???;???;???;???;???;???;???;???;???;???;???;???;???;47,21%;51,54%;25,00%;36,06%;65,25%;39,24%;18,12%;;
114041042;Privée;FARATSIHO;FARATSIHO;FARATSIHO;FARATSIHO;LYCEE PRIVE LUTHERIEN FARATSIHO;46,94977379;-19,41030282;46,86%;7;0;0;0;0;7;???;???;???;???;???;???;???;???;???;???;???;???;???;???;???;???;???;???;???;???;???;???;???;???;???;???;???;???;???;???;???;???;???;???;???;???;???;???;???;???;???;47,21%;51,54%;25,00%;36,06%;65,25%;39,24%;18,12%;;
114041054;Privée;FARATSIHO;FARATSIHO;FARATSIHO;FARATSIHO;COLLEGE SAINT PAUL FARATSIHO;46,95145221;-19,40803587;46,86%;12;0;0;0;0;12;???;???;???;???;???;???;???;???;???;???;???;???;???;???;???;???;???;???;???;???;???;???;???;???;???;???;???;???;???;???;???;???;???;???;???;???;???;???;???;???;???;47,21%;51,54%;25,00%;36,06%;65,25%;39,24%;18,12%;;
114041073;Privée;FARATSIHO;FARATSIHO;FARATSIHO;FARATSIHO;LYCEE PRIVE LE MAGNOLIA FARATSIHO;46,95303098;-19,41308358;46,86%;6;0;0;0;0;6;???;???;???;???;???;???;???;???;???;???;???;???;???;???;???;???;???;???;???;???;???;???;???;???;???;???;???;???;???;???;???;???;???;???;???;???;???;???;???;???;???;47,21%;51,54%;25,00%;36,06%;65,25%;39,24%;18,12%;;
114050037;Publique;FARATSIHO;MIANDRARIVO;MIANDRARIVO;MIANDRARIVO;LYCEE MIANDRARIVO;46,74901311;-19,43216862;46,86%;6;11;0;3;0;20;???;???;???;???;???;???;???;???;???;???;???;???;???;???;???;???;???;???;???;???;???;???;???;???;???;???;???;???;???;???;???;???;???;???;???;???;???;???;???;???;???;47,21%;51,54%;25,00%;36,06%;65,25%;39,24%;18,12%;;
114051045;Privée;FARATSIHO;MIANDRARIVO;MIANDRARIVO;MIANDRARIVO;LYCEE PRIVE FANANTENANA MIANDRARIVO;46,75736595;-19,44176059;46,86%;9;0;0;0;0;9;???;???;???;???;???;???;???;???;???;???;???;???;???;???;???;???;???;???;???;???;???;???;???;???;???;???;???;???;???;???;???;???;???;???;???;???;???;???;???;???;???;47,21%;51,54%;25,00%;36,06%;65,25%;39,24%;18,12%;;
114060018;Publique;FARATSIHO;RAMAINANDRO;RAMAINANDRO;RAMAINANDRO;LYCEE RAMAINANDRO;47,0048985;-19,29357694;46,86%;2;9;0;1;0;12;???;???;???;???;???;???;???;???;???;???;???;???;???;???;???;???;???;???;???;???;???;???;???;???;???;???;???;???;???;???;???;???;???;???;???;???;???;???;???;???;???;47,21%;51,54%;25,00%;36,06%;65,25%;39,24%;18,12%;;
114061027;Privée;FARATSIHO;RAMAINANDRO;RAMAINANDRO;MAROMENA;LYCEE PRIVE SOLEIL LEVANT ANALAHANTSANA;47,03737828;-19,35171997;46,86%;3;0;0;0;0;3;???;???;???;???;???;???;???;???;???;???;???;???;???;???;???;???;???;???;???;???;???;???;???;???;???;???;???;???;???;???;???;???;???;???;???;???;???;???;???;???;???;47,21%;51,54%;25,00%;36,06%;65,25%;39,24%;18,12%;;
114061028;Privée;FARATSIHO;RAMAINANDRO;RAMAINANDRO;FIADANANA;LYCEE PRIVE DIANTANA FIADANANA;46,98222732;-19,3363758;46,86%;9;0;0;0;0;9;???;???;???;???;???;???;???;???;???;???;???;???;???;???;???;???;???;???;???;???;???;???;???;???;???;???;???;???;???;???;???;???;???;???;???;???;???;???;???;???;???;47,21%;51,54%;25,00%;36,06%;65,25%;39,24%;18,12%;;
114070017;Publique;FARATSIHO;VALABETOKANA;VALABETOKANA;AMBONILOHA;LYCEE VALABETOKANA;46,75658;-19,48152;46,86%;7;0;0;0;0;7;???;???;???;???;???;???;???;???;???;???;???;???;???;???;???;???;???;???;???;???;???;???;???;???;???;???;???;???;???;???;???;???;???;???;???;???;???;???;???;???;???;47,21%;51,54%;25,00%;36,06%;65,25%;39,24%;18,12%;;
114090028;Publique;FARATSIHO;VINANINONY SUD;VINANINONY SUD;TSARAZAFY;LYCEE VINANINONY SUD;46,93842186;-19,53748388;46,86%;5;13;1;2;1;22;???;???;???;???;???;???;???;???;???;???;???;???;???;???;???;???;???;???;???;???;???;???;???;???;???;???;???;???;???;???;???;???;???;???;???;???;???;???;???;???;???;47,21%;51,54%;25,00%;36,06%;65,25%;39,24%;18,12%;;
114091012;Privée;FARATSIHO;VINANINONY SUD;VINANINONY SUD;TSARAZAFY;COLLEGE PRIVE CATHOLIQUE SAINTE CATHERINE TSARAZAFY;46,94376902;-19,5446804;46,86%;6;0;0;0;0;6;???;???;???;???;???;???;???;???;???;???;???;033 08 230 77;???;???;???;???;???;???;???;???;???;???;???;???;???;???;???;???;???;???;???;???;???;???;???;???;???;???;???;???;???;47,21%;51,54%;25,00%;36,06%;65,25%;39,24%;18,12%;;
114091030;Privée;FARATSIHO;VINANINONY SUD;VINANINONY SUD;TSARAZAFY;LYCEE PRIVE FJKM FIHAVAOZANA TSARAZAFY;46,94682773;-19,54335198;46,86%;2;0;0;0;0;2;???;???;???;???;???;???;???;???;???;???;???;???;???;???;???;???;???;???;???;???;???;???;???;???;???;???;???;???;???;???;???;???;???;???;???;???;???;???;???;???;???;47,21%;51,54%;25,00%;36,06%;65,25%;39,24%;18,12%;;
114091040;Privée;FARATSIHO;VINANINONY SUD;VINANINONY SUD;TSARAZAFY;LYCEE PRIVE FANANTENANA VINANINONY ATSIMO;46,94186012;-19,543285;46,86%;5;0;0;0;0;5;???;???;???;???;???;???;???;???;???;???;???;???;???;???;???;???;???;???;???;???;???;???;???;???;???;???;???;???;???;???;???;???;???;???;???;???;???;???;???;???;???;47,21%;51,54%;25,00%;36,06%;65,25%;39,24%;18,12%;;
114100010;Publique;FARATSIHO;FARAVOHITRA;VINANINONY NORD;FARAVOHITRA;LYCEE FARAVOHITRA;47,01807189;-19,4763123;46,86%;10;8;1;1;0;20;???;???;???;???;???;???;???;???;???;???;???;???;???;???;???;???;???;???;???;???;???;???;???;???;???;???;???;???;???;???;???;???;???;???;???;???;???;???;???;???;???;47,21%;51,54%;25,00%;36,06%;65,25%;39,24%;18,12%;;
114101013;Privée;FARATSIHO;FARAVOHITRA;VINANINONY NORD;FARAVOHITRA;LYCEE PRIVE MAHATSINJO;47,01645863;-19,47725175;46,86%;5;0;1;0;1;7;???;???;???;???;???;???;???;???;???;???;???;???;???;???;???;???;???;???;???;???;???;???;???;???;???;???;???;???;???;???;???;???;???;???;???;???;???;???;???;???;???;47,21%;51,54%;25,00%;36,06%;65,25%;39,24%;18,12%;;
120010029;Publique;MANDOTO;MANDOTO;MANDOTO;MANDOTO;LYCEE MANDOTO;46,30585358;-19,57403648;63,54%;0;22;1;2;0;25;???;???;???;???;???;???;???;???;???;???;???;???;???;???;???;???;???;???;???;???;???;???;???;???;???;???;???;???;???;???;???;???;???;???;???;???;???;???;???;???;???;50,00%;56,82%;0,00%;56,06%;65,25%;79,66%;48,89%;;
120011006;Privée;MANDOTO;MANDOTO;MANDOTO;MANDOTO;LYCEE PRIVE LUTHERIEN NILS HELLE MANDOTO;46,28610601;-19,57965552;63,54%;6;0;0;0;0;6;???;???;???;???;???;???;???;???;???;???;???;???;???;???;???;???;???;???;???;???;???;???;???;???;???;???;???;???;???;???;???;???;???;???;???;???;???;???;???;???;???;50,00%;56,82%;0,00%;56,06%;84,68%;79,66%;48,89%;;
120011007;Privée;MANDOTO;MANDOTO;MANDOTO;MANDOTO;LYCEE PRIVE SAINT PIERRE MANDOTO;46,283929;-19,57705193;63,54%;11;0;0;0;0;11;???;???;???;???;???;???;???;???;???;???;???;???;???;???;???;???;???;???;???;???;???;???;???;???;???;???;???;???;???;???;???;???;???;???;???;???;???;???;???;???;???;50,00%;56,82%;0,00%;56,06%;84,68%;79,66%;48,89%;;
120050023;Publique;MANDOTO;ANKAZOMIRIOTRA;ANKAZOMIRIOTRA;ANKAZOMIRIOTRA II;LYCEE ANKAZOMIRIOTRA;46,5366;-19,66123;63,54%;1;20;0;2;0;23;???;???;???;???;???;???;???;???;???;???;???;???;???;???;???;???;???;???;???;???;???;???;???;???;???;???;???;???;???;???;???;???;???;???;???;???;???;???;???;???;???;50,00%;56,82%;0,00%;56,06%;84,68%;79,66%;48,89%;;
120051001;Privée;MANDOTO;ANKAZOMIRIOTRA;ANKAZOMIRIOTRA;ANKAZOMIRIOTRA;LYCEE PRIVE LUTHERIEN ANKAZOMIRIOTRA;46,53156924;-19,66305548;63,54%;8;0;0;0;0;8;???;???;???;???;???;???;???;???;???;???;???;???;???;???;???;???;???;???;???;???;???;???;???;???;???;???;???;???;???;???;???;???;???;???;???;???;???;???;???;???;???;50,00%;56,82%;0,00%;56,06%;84,68%;79,66%;48,89%;;
120051002;Privée;MANDOTO;ANKAZOMIRIOTRA;ANKAZOMIRIOTRA;ANKAZOMIRIOTRA;LYCEE PRIVE CATHOLIQUE SAINT MICHEL ANKAZOMIRIOTRA;46,52749267;-19,6570612;63,54%;11;0;0;0;0;11;???;???;???;???;???;???;???;???;???;???;???;???;???;???;???;???;???;???;???;???;???;???;???;???;???;???;???;???;???;???;???;???;???;???;???;???;???;???;???;???;???;50,00%;56,82%;0,00%;56,06%;84,68%;79,66%;48,89%;;
120051009;Privée;MANDOTO;ANKAZOMIRIOTRA;ANKAZOMIRIOTRA;ANKAZOMIRIOTRA II;LYCEE PRIVE FJKM FANDROSOANA;46,53943986;-19,65601928;63,54%;5;0;0;0;0;5;???;???;???;???;???;???;???;???;???;???;???;???;???;???;???;???;???;???;???;???;???;???;???;???;???;???;???;???;???;???;???;???;???;???;???;???;???;???;???;???;???;50,00%;56,82%;0,00%;56,06%;84,68%;79,66%;48,89%;;
120051010;Privée;MANDOTO;ANKAZOMIRIOTRA;ANKAZOMIRIOTRA;ANKAZOMIRIOTRA II;LYCEE PRIVE MAHATEHOTIA;46,53260916;-19,66098512;63,54%;5;0;0;0;0;5;???;???;???;???;???;???;???;???;???;???;???;???;???;???;???;???;???;???;???;???;???;???;???;???;???;???;???;???;???;???;???;???;???;???;???;???;???;???;???;???;???;50,00%;56,82%;0,00%;56,06%;84,68%;79,66%;48,89%;;
120121001;Privée;MANDOTO;MAROMANDRAY;MAROMANDRAY;MAROMANDRAY;LYCEE PRIVE MIKOLO;46,40236219;-19,58825379;63,54%;8;0;0;0;0;8;???;???;???;???;???;???;???;???;???;???;???;???;???;???;???;???;???;???;???;???;???;???;???;???;???;???;???;???;???;???;???;???;???;???;???;???;???;???;???;???;???;50,00%;56,82%;0,00%;56,06%;84,68%;79,66%;48,89%;;
